YearsExperience,Education,JobRole,Location,SkillsScore(1-5),CompanySize,Salary(LPA)
6,Bachelors,Data Scientist,Bangalore,2,Mid,33.86
19,Bachelors,ML Engineer,Hyderabad,4,Mid,66.48
14,PhD,BI Analyst,Delhi,1,Enterprise,47.39
10,Bachelors,BI Analyst,Bangalore,3,Enterprise,43.24
7,Bachelors,Data Scientist,Mumbai,4,Enterprise,45.9
20,Masters,Data Scientist,Mumbai,4,Mid,76.92
6,PhD,Data Analyst,Hyderabad,3,Startup,34.32
18,Masters,BI Analyst,Bangalore,1,Mid,51.52
10,Bachelors,Data Analyst,Pune,2,Enterprise,33.9
10,Masters,BI Analyst,Bangalore,4,Startup,48.92
20,Bachelors,Data Analyst,Mumbai,3,Mid,63.06
3,Masters,Data Scientist,Hyderabad,1,Enterprise,11.57
7,PhD,ML Engineer,Hyderabad,5,Mid,50.77
2,Masters,Data Scientist,Pune,2,Startup,21.47
20,PhD,Data Analyst,Hyderabad,3,Enterprise,66.41
1,Bachelors,Data Analyst,Hyderabad,3,Mid,15.26
11,Masters,ML Engineer,Hyderabad,3,Startup,58.05
5,Masters,BI Analyst,Hyderabad,4,Startup,35.97
1,Bachelors,Data Analyst,Hyderabad,5,Mid,26.74
20,PhD,Data Analyst,Mumbai,2,Startup,68
0,Bachelors,Data Analyst,Bangalore,1,Enterprise,10.94
11,Masters,ML Engineer,Delhi,1,Startup,49.62
11,Masters,Data Scientist,Hyderabad,5,Mid,63.02
16,Masters,Data Analyst,Delhi,3,Enterprise,59.2
9,Bachelors,ML Engineer,Delhi,3,Startup,39.5
15,Masters,Data Analyst,Mumbai,3,Startup,52.49
14,Masters,BI Analyst,Hyderabad,3,Enterprise,51.89
14,PhD,ML Engineer,Delhi,3,Enterprise,63.62
18,Bachelors,Data Analyst,Hyderabad,5,Startup,68.98
11,Bachelors,ML Engineer,Pune,4,Enterprise,48.98
19,Masters,Data Analyst,Pune,2,Mid,55.64
2,Bachelors,Data Scientist,Pune,3,Startup,25.08
4,Masters,Data Analyst,Delhi,4,Mid,33.96
18,Masters,ML Engineer,Pune,1,Startup,59.07
6,PhD,BI Analyst,Mumbai,5,Mid,47.35
20,Masters,BI Analyst,Mumbai,4,Mid,75.74
8,Masters,BI Analyst,Delhi,3,Enterprise,39.63
6,Bachelors,Data Analyst,Hyderabad,3,Startup,28.08
17,Bachelors,Data Scientist,Bangalore,3,Enterprise,66.05
3,Bachelors,Data Analyst,Hyderabad,4,Enterprise,27.67
13,Bachelors,BI Analyst,Hyderabad,3,Startup,47.85
17,Masters,ML Engineer,Hyderabad,4,Mid,68.84
8,Masters,BI Analyst,Hyderabad,3,Startup,35.48
20,Masters,ML Engineer,Bangalore,1,Startup,61.52
1,Masters,Data Scientist,Pune,1,Startup,12.26
19,PhD,ML Engineer,Hyderabad,2,Enterprise,60.57
14,Masters,Data Analyst,Mumbai,3,Startup,52.63
6,Masters,Data Analyst,Delhi,3,Startup,37.21
11,Masters,Data Analyst,Delhi,4,Startup,47.45
7,Bachelors,ML Engineer,Mumbai,4,Mid,51.48
14,Bachelors,Data Analyst,Hyderabad,3,Mid,54.26
2,Bachelors,Data Analyst,Bangalore,2,Mid,16.75
13,PhD,Data Analyst,Pune,3,Mid,50.37
16,Masters,Data Scientist,Delhi,4,Enterprise,60.61
3,Bachelors,ML Engineer,Pune,3,Enterprise,29.36
17,Bachelors,ML Engineer,Bangalore,4,Startup,68
7,Masters,BI Analyst,Delhi,3,Enterprise,35.69
3,Bachelors,ML Engineer,Pune,5,Mid,41.91
1,Bachelors,Data Scientist,Bangalore,4,Startup,30.89
5,PhD,ML Engineer,Pune,2,Startup,37.42
9,Bachelors,Data Scientist,Hyderabad,5,Mid,51.68
3,Bachelors,Data Scientist,Bangalore,3,Mid,25.75
17,Masters,ML Engineer,Pune,4,Mid,70.79
11,PhD,BI Analyst,Hyderabad,5,Enterprise,59.13
1,Masters,Data Analyst,Hyderabad,2,Startup,16.45
9,Bachelors,Data Analyst,Bangalore,4,Mid,44.58
3,Bachelors,ML Engineer,Mumbai,5,Startup,35.53
13,Bachelors,ML Engineer,Delhi,5,Startup,60.5
15,Masters,Data Scientist,Bangalore,5,Enterprise,64.36
14,Masters,ML Engineer,Hyderabad,1,Startup,48.09
7,Bachelors,Data Scientist,Hyderabad,3,Mid,35.44
13,PhD,BI Analyst,Bangalore,4,Mid,61.29
7,Bachelors,ML Engineer,Mumbai,4,Startup,43.92
20,Bachelors,Data Analyst,Delhi,4,Startup,65.15
15,Bachelors,Data Analyst,Pune,5,Enterprise,57.29
12,Bachelors,ML Engineer,Bangalore,3,Mid,50.05
17,Masters,Data Scientist,Delhi,2,Mid,61.3
14,Masters,Data Analyst,Delhi,4,Startup,61.81
20,Bachelors,Data Scientist,Hyderabad,3,Startup,62.73
12,Masters,ML Engineer,Pune,3,Startup,55.42
8,Bachelors,ML Engineer,Bangalore,1,Mid,31.49
14,Masters,Data Analyst,Hyderabad,4,Startup,56.63
12,PhD,ML Engineer,Hyderabad,5,Enterprise,63.11
0,Bachelors,BI Analyst,Mumbai,3,Enterprise,15.84
6,Masters,BI Analyst,Delhi,3,Startup,30.57
8,Bachelors,Data Analyst,Bangalore,2,Enterprise,30.4
0,Bachelors,BI Analyst,Bangalore,1,Enterprise,10.94
11,Bachelors,Data Scientist,Bangalore,3,Enterprise,47.79
7,Masters,Data Analyst,Hyderabad,3,Enterprise,42.04
10,Masters,Data Analyst,Mumbai,5,Enterprise,54.08
18,Bachelors,Data Scientist,Pune,5,Mid,72.22
16,Masters,BI Analyst,Hyderabad,2,Startup,55.06
7,Masters,BI Analyst,Pune,2,Enterprise,29.47
2,Masters,BI Analyst,Mumbai,2,Startup,13.54
2,Masters,Data Analyst,Delhi,5,Enterprise,35.69
0,Masters,Data Analyst,Bangalore,5,Mid,23.11
4,Bachelors,BI Analyst,Pune,1,Mid,20.46
9,Bachelors,ML Engineer,Hyderabad,4,Enterprise,50.85
6,PhD,BI Analyst,Pune,4,Enterprise,38.85
8,Bachelors,Data Scientist,Delhi,1,Enterprise,28.39
6,PhD,Data Analyst,Bangalore,4,Mid,41.37
8,Masters,Data Scientist,Pune,5,Mid,47.93
7,Bachelors,Data Scientist,Delhi,4,Startup,42.42
11,Bachelors,Data Analyst,Hyderabad,5,Mid,53.79
1,Bachelors,ML Engineer,Mumbai,1,Enterprise,11.57
0,PhD,BI Analyst,Hyderabad,2,Startup,15.53
15,Bachelors,Data Scientist,Bangalore,1,Mid,46.39
4,Bachelors,Data Analyst,Hyderabad,4,Mid,34.02
2,Bachelors,Data Scientist,Hyderabad,5,Enterprise,35.26
11,Bachelors,BI Analyst,Hyderabad,4,Startup,40.41
7,Bachelors,ML Engineer,Hyderabad,4,Mid,42.92
2,Bachelors,ML Engineer,Bangalore,2,Mid,24.22
0,Masters,ML Engineer,Delhi,4,Enterprise,27.6
2,Bachelors,Data Analyst,Pune,2,Startup,14.17
4,Bachelors,Data Analyst,Mumbai,5,Startup,32.86
14,Bachelors,ML Engineer,Pune,5,Startup,64.18
13,Bachelors,BI Analyst,Pune,2,Startup,40.26
2,PhD,BI Analyst,Mumbai,1,Enterprise,20.28
0,Masters,Data Analyst,Bangalore,5,Mid,25.92
4,Bachelors,ML Engineer,Mumbai,1,Mid,19.99
13,Masters,BI Analyst,Bangalore,5,Startup,58.5
6,Bachelors,BI Analyst,Pune,5,Startup,44.34
8,Bachelors,BI Analyst,Bangalore,3,Startup,37.28
14,PhD,Data Analyst,Delhi,4,Mid,62.37
14,Masters,ML Engineer,Mumbai,4,Mid,64.46
9,PhD,Data Scientist,Delhi,1,Startup,35.26
12,Bachelors,ML Engineer,Pune,4,Enterprise,53.88
18,Masters,ML Engineer,Mumbai,1,Mid,57.27
6,Bachelors,Data Analyst,Pune,5,Mid,43.17
16,Bachelors,BI Analyst,Delhi,3,Startup,55.79
19,Masters,BI Analyst,Pune,3,Enterprise,60.1
3,Bachelors,Data Analyst,Mumbai,5,Startup,37.06
4,Masters,Data Analyst,Mumbai,2,Startup,23.6
6,Masters,Data Analyst,Pune,2,Enterprise,31.36
12,Bachelors,Data Analyst,Mumbai,4,Enterprise,52.96
14,Masters,Data Analyst,Mumbai,1,Enterprise,36.41
10,Masters,Data Scientist,Pune,3,Mid,47.86
3,Bachelors,ML Engineer,Delhi,4,Startup,33.44
12,Masters,ML Engineer,Mumbai,5,Mid,56.03
6,Masters,ML Engineer,Mumbai,3,Enterprise,36.5
18,Bachelors,BI Analyst,Mumbai,1,Mid,49.34
1,Masters,Data Scientist,Mumbai,1,Enterprise,18.44
9,PhD,ML Engineer,Pune,2,Enterprise,45.07
12,Bachelors,BI Analyst,Delhi,4,Startup,50.24
20,Masters,Data Scientist,Delhi,5,Startup,78.43
5,Bachelors,Data Scientist,Bangalore,3,Startup,34.76
11,Masters,BI Analyst,Mumbai,1,Mid,38.46
11,Masters,Data Scientist,Mumbai,3,Startup,49.39
19,Bachelors,BI Analyst,Bangalore,5,Enterprise,67.67
10,Bachelors,ML Engineer,Delhi,3,Startup,46.86
6,Masters,BI Analyst,Hyderabad,4,Mid,46.75
0,Bachelors,Data Scientist,Hyderabad,2,Startup,17.39
0,Masters,ML Engineer,Delhi,3,Startup,23.28
19,Bachelors,ML Engineer,Mumbai,2,Startup,69.16
12,PhD,Data Analyst,Hyderabad,5,Mid,57.95
8,Masters,Data Analyst,Pune,2,Enterprise,36.34
2,PhD,Data Scientist,Pune,3,Enterprise,30.16
6,Bachelors,BI Analyst,Bangalore,3,Enterprise,31.45
5,Masters,BI Analyst,Delhi,1,Startup,23.16
7,Masters,Data Scientist,Delhi,3,Startup,38.56
8,Bachelors,ML Engineer,Hyderabad,2,Mid,36.03
4,Bachelors,Data Scientist,Mumbai,1,Enterprise,16.15
0,Bachelors,Data Scientist,Delhi,3,Startup,16.12
18,Masters,ML Engineer,Hyderabad,3,Startup,69.7
9,Masters,BI Analyst,Hyderabad,5,Startup,48.05
11,Bachelors,Data Scientist,Delhi,1,Mid,34.17
14,Masters,BI Analyst,Hyderabad,5,Enterprise,70.58
8,Bachelors,Data Scientist,Bangalore,5,Mid,55.17
19,Bachelors,ML Engineer,Bangalore,5,Enterprise,78.84
16,PhD,ML Engineer,Delhi,4,Enterprise,73.56
16,PhD,Data Analyst,Mumbai,5,Startup,67.46
19,Masters,ML Engineer,Bangalore,2,Startup,63.04
11,Bachelors,Data Analyst,Bangalore,3,Startup,41.88
6,Masters,Data Scientist,Delhi,4,Startup,41.4
1,Bachelors,BI Analyst,Pune,5,Startup,30.04
2,Bachelors,ML Engineer,Hyderabad,3,Enterprise,21.81
16,Bachelors,ML Engineer,Bangalore,1,Startup,58.34
4,Masters,ML Engineer,Pune,1,Startup,26.84
16,Masters,Data Scientist,Mumbai,3,Mid,56.25
16,Bachelors,Data Analyst,Pune,2,Mid,50.87
16,Masters,Data Scientist,Delhi,3,Enterprise,58.19
1,PhD,BI Analyst,Mumbai,3,Enterprise,21.98
1,Bachelors,Data Scientist,Mumbai,4,Mid,23.21
4,Masters,BI Analyst,Pune,1,Mid,19.33
0,PhD,ML Engineer,Delhi,1,Startup,25.81
0,Bachelors,BI Analyst,Bangalore,5,Startup,25.78
18,Bachelors,BI Analyst,Pune,3,Enterprise,61.78
1,Masters,Data Analyst,Bangalore,3,Mid,24.72
20,Masters,BI Analyst,Pune,2,Enterprise,62.57
11,Masters,BI Analyst,Bangalore,1,Startup,33.42
5,Bachelors,Data Scientist,Pune,2,Enterprise,22.2
3,PhD,ML Engineer,Mumbai,4,Enterprise,39.04
10,Bachelors,Data Scientist,Hyderabad,5,Enterprise,55.93
16,Bachelors,Data Scientist,Mumbai,2,Startup,56.21
5,Masters,ML Engineer,Bangalore,1,Enterprise,29.27
4,Bachelors,ML Engineer,Delhi,4,Startup,37.77
19,Bachelors,BI Analyst,Mumbai,3,Mid,61.69
1,Bachelors,BI Analyst,Hyderabad,4,Enterprise,21.96
5,Bachelors,Data Analyst,Bangalore,2,Enterprise,21.79
10,Bachelors,Data Scientist,Mumbai,1,Startup,30.09
15,PhD,ML Engineer,Pune,2,Enterprise,65.39
15,Bachelors,BI Analyst,Delhi,3,Startup,53.01
0,Masters,ML Engineer,Bangalore,3,Enterprise,24.17
8,Masters,BI Analyst,Mumbai,1,Mid,35.16
5,PhD,Data Analyst,Bangalore,5,Mid,49.54
15,Bachelors,Data Analyst,Pune,4,Mid,65.24
2,PhD,ML Engineer,Hyderabad,4,Enterprise,37.06
19,Masters,Data Analyst,Mumbai,3,Enterprise,65.42
3,Masters,ML Engineer,Bangalore,2,Mid,30.15
18,Masters,BI Analyst,Bangalore,2,Mid,63.19
2,Masters,Data Scientist,Bangalore,5,Startup,36.49
18,Bachelors,Data Analyst,Hyderabad,2,Startup,52.25
19,Masters,BI Analyst,Bangalore,4,Mid,67.34
6,Masters,Data Scientist,Delhi,2,Mid,35.93
19,Masters,Data Scientist,Delhi,5,Enterprise,78.96
8,PhD,Data Scientist,Bangalore,4,Mid,48.68
0,Bachelors,BI Analyst,Delhi,2,Startup,11.28
7,PhD,BI Analyst,Mumbai,4,Startup,43.28
6,Bachelors,ML Engineer,Delhi,3,Startup,40.62
17,Bachelors,Data Scientist,Bangalore,3,Startup,57.93
7,Bachelors,Data Scientist,Pune,3,Startup,32.66
0,Bachelors,Data Scientist,Mumbai,2,Startup,20.45
10,Masters,ML Engineer,Hyderabad,5,Mid,58.58
17,Bachelors,Data Scientist,Bangalore,4,Startup,64.56
9,Bachelors,BI Analyst,Hyderabad,1,Startup,31.11
2,PhD,Data Scientist,Pune,3,Startup,27.33
6,Masters,Data Analyst,Hyderabad,3,Startup,36.15
15,Masters,BI Analyst,Bangalore,1,Mid,45.35
15,PhD,ML Engineer,Bangalore,1,Enterprise,58.88
19,Masters,Data Scientist,Pune,2,Enterprise,59
16,Bachelors,Data Analyst,Bangalore,4,Enterprise,60.75
1,Bachelors,ML Engineer,Pune,3,Enterprise,24.21
0,Masters,ML Engineer,Pune,5,Startup,32.39
15,Bachelors,BI Analyst,Bangalore,2,Enterprise,50.31
11,Masters,ML Engineer,Delhi,2,Enterprise,46.96
4,Bachelors,ML Engineer,Pune,5,Mid,42.5
4,Bachelors,ML Engineer,Bangalore,5,Mid,44.9
8,Masters,ML Engineer,Delhi,5,Mid,56.07
8,Masters,Data Scientist,Pune,1,Startup,29.46
2,Masters,Data Scientist,Delhi,3,Startup,25.67
18,Masters,Data Scientist,Mumbai,1,Startup,58.08
15,Bachelors,Data Scientist,Mumbai,3,Mid,57.88
15,Bachelors,Data Analyst,Delhi,1,Enterprise,42.33
2,PhD,Data Scientist,Pune,4,Mid,35.39
19,Masters,ML Engineer,Bangalore,3,Startup,71.67
0,Bachelors,Data Scientist,Hyderabad,2,Mid,15.99
19,Masters,Data Scientist,Bangalore,3,Enterprise,64.56
10,Bachelors,BI Analyst,Hyderabad,3,Startup,36.25
16,Bachelors,ML Engineer,Hyderabad,3,Enterprise,54.12
7,Bachelors,Data Scientist,Pune,4,Enterprise,41.12
3,Masters,Data Scientist,Delhi,1,Startup,16.61
5,Masters,Data Scientist,Bangalore,2,Enterprise,36.41
7,Bachelors,Data Analyst,Delhi,1,Mid,26.26
19,PhD,Data Scientist,Mumbai,1,Enterprise,58.55
2,Bachelors,BI Analyst,Pune,5,Enterprise,33.71
15,Bachelors,ML Engineer,Pune,4,Enterprise,66.41
2,Bachelors,ML Engineer,Mumbai,5,Mid,39.96
17,Bachelors,Data Scientist,Bangalore,4,Enterprise,62.38
13,Bachelors,Data Scientist,Mumbai,1,Enterprise,43.85
17,Masters,Data Scientist,Bangalore,1,Mid,58.01
1,Masters,ML Engineer,Hyderabad,4,Startup,37.11
2,Masters,ML Engineer,Pune,1,Startup,16.73
15,Bachelors,Data Analyst,Bangalore,1,Startup,42.85
8,Bachelors,BI Analyst,Delhi,2,Enterprise,28.67
3,Bachelors,Data Analyst,Delhi,5,Startup,38.29
0,Bachelors,BI Analyst,Pune,5,Mid,26.97
3,Masters,Data Analyst,Mumbai,5,Enterprise,38.37
0,Bachelors,ML Engineer,Mumbai,3,Enterprise,23.93
13,Masters,Data Analyst,Bangalore,2,Enterprise,47.33
20,PhD,BI Analyst,Mumbai,5,Startup,76.91
15,Bachelors,Data Scientist,Pune,5,Startup,63.16
19,Masters,BI Analyst,Bangalore,2,Startup,60.81
7,Masters,Data Scientist,Hyderabad,1,Enterprise,28.35
6,Masters,ML Engineer,Mumbai,5,Mid,46.4
2,Masters,BI Analyst,Mumbai,1,Enterprise,14.68
16,Bachelors,Data Analyst,Bangalore,5,Mid,62.08
0,Bachelors,BI Analyst,Delhi,4,Enterprise,21.15
15,Bachelors,Data Scientist,Mumbai,3,Mid,54.17
11,Bachelors,ML Engineer,Pune,5,Enterprise,55.85
18,Masters,Data Analyst,Mumbai,4,Enterprise,64.42
13,Bachelors,BI Analyst,Hyderabad,2,Mid,43.22
5,PhD,Data Scientist,Mumbai,4,Mid,44.66
5,Masters,Data Analyst,Delhi,2,Mid,28.95
12,Bachelors,ML Engineer,Mumbai,5,Mid,55.72
18,Bachelors,Data Analyst,Bangalore,2,Mid,57.78
7,PhD,ML Engineer,Mumbai,4,Mid,51.73
1,Masters,Data Analyst,Delhi,3,Mid,24.56
20,Masters,BI Analyst,Bangalore,1,Mid,61.75
0,Bachelors,Data Scientist,Pune,1,Enterprise,8.32
14,Bachelors,BI Analyst,Bangalore,3,Mid,49.2
0,Bachelors,BI Analyst,Hyderabad,1,Mid,12.87
4,Bachelors,ML Engineer,Bangalore,5,Enterprise,46.29
15,Masters,ML Engineer,Pune,5,Enterprise,70.27
18,Masters,ML Engineer,Mumbai,4,Startup,75.01
3,Masters,BI Analyst,Bangalore,4,Startup,33.27
2,PhD,Data Analyst,Bangalore,2,Mid,28.07
16,Masters,Data Analyst,Bangalore,4,Mid,63.44
16,Bachelors,BI Analyst,Bangalore,5,Startup,60.26
11,Bachelors,BI Analyst,Pune,4,Startup,45.97
13,PhD,Data Scientist,Delhi,1,Mid,57.1
20,Bachelors,ML Engineer,Delhi,2,Startup,62.22
5,PhD,ML Engineer,Bangalore,2,Mid,36.15
2,Masters,BI Analyst,Pune,5,Enterprise,40.24
8,Bachelors,BI Analyst,Pune,4,Enterprise,37.8
4,Masters,Data Analyst,Bangalore,1,Startup,11.92
16,PhD,BI Analyst,Hyderabad,4,Enterprise,57.77
13,Masters,Data Analyst,Bangalore,3,Enterprise,48.32
20,PhD,BI Analyst,Hyderabad,4,Enterprise,69.71
2,PhD,Data Scientist,Bangalore,5,Enterprise,42.41
0,Bachelors,Data Scientist,Hyderabad,4,Mid,24.8
19,Bachelors,Data Analyst,Hyderabad,2,Mid,51.2
20,PhD,ML Engineer,Bangalore,1,Startup,62.71
0,Masters,Data Scientist,Hyderabad,5,Enterprise,35.22
2,Bachelors,Data Analyst,Mumbai,3,Enterprise,21.88
17,Bachelors,BI Analyst,Delhi,1,Enterprise,52.6
9,Masters,BI Analyst,Pune,1,Startup,35.46
2,PhD,Data Analyst,Hyderabad,2,Mid,19.35
7,Masters,ML Engineer,Hyderabad,2,Enterprise,40.45
13,Masters,Data Analyst,Pune,2,Mid,47.89
17,Bachelors,Data Analyst,Hyderabad,5,Startup,60.41
14,Bachelors,Data Scientist,Pune,4,Mid,53.51
1,PhD,Data Analyst,Bangalore,1,Enterprise,23.21
9,Bachelors,Data Analyst,Mumbai,4,Mid,39.82
1,Bachelors,BI Analyst,Mumbai,4,Mid,24.63
16,Bachelors,Data Scientist,Delhi,2,Startup,52.83
7,Masters,BI Analyst,Hyderabad,4,Startup,41.35
0,PhD,BI Analyst,Delhi,1,Startup,13.13
8,Bachelors,ML Engineer,Bangalore,1,Startup,35.6
10,Bachelors,ML Engineer,Mumbai,3,Mid,49.32
15,Masters,Data Scientist,Bangalore,5,Mid,67.85
6,PhD,Data Scientist,Bangalore,4,Startup,41.69
9,Bachelors,ML Engineer,Hyderabad,5,Startup,51.39
2,Bachelors,ML Engineer,Bangalore,5,Enterprise,31.57
17,Bachelors,ML Engineer,Mumbai,5,Enterprise,71.3
12,PhD,ML Engineer,Delhi,5,Startup,61
6,Bachelors,ML Engineer,Mumbai,1,Mid,28.56
3,Bachelors,BI Analyst,Hyderabad,4,Startup,29.09
12,Masters,Data Scientist,Mumbai,3,Mid,54.32
19,Masters,BI Analyst,Pune,5,Mid,70.44
0,Bachelors,BI Analyst,Delhi,3,Enterprise,13.04
7,PhD,Data Analyst,Pune,1,Startup,34.87
13,Bachelors,BI Analyst,Pune,1,Startup,34.59
15,Masters,ML Engineer,Hyderabad,2,Mid,63.15
13,Bachelors,ML Engineer,Bangalore,5,Startup,59.93
11,Masters,Data Analyst,Pune,2,Enterprise,38.65
18,Bachelors,Data Analyst,Mumbai,3,Enterprise,62.23
14,PhD,Data Analyst,Bangalore,4,Startup,62.25
1,Masters,Data Analyst,Mumbai,2,Startup,22.32
1,Masters,Data Analyst,Mumbai,1,Enterprise,7.23
18,Masters,BI Analyst,Bangalore,5,Startup,73.3
16,Masters,Data Analyst,Bangalore,3,Mid,57.76
19,Bachelors,BI Analyst,Mumbai,1,Startup,49.87
9,Bachelors,Data Scientist,Hyderabad,4,Mid,51.24
5,PhD,Data Analyst,Delhi,5,Startup,44.21
14,Bachelors,Data Analyst,Delhi,4,Startup,54.41
10,Masters,BI Analyst,Hyderabad,4,Enterprise,49.36
4,PhD,Data Scientist,Bangalore,5,Mid,38.91
0,Bachelors,BI Analyst,Mumbai,5,Enterprise,21.75
7,Masters,BI Analyst,Delhi,4,Startup,39.8
20,Bachelors,Data Analyst,Mumbai,3,Enterprise,65.45
11,Masters,ML Engineer,Hyderabad,5,Startup,64.72
11,Bachelors,ML Engineer,Mumbai,1,Startup,37.25
4,Bachelors,BI Analyst,Hyderabad,2,Startup,18.26
6,Masters,Data Analyst,Bangalore,3,Mid,35.4
3,Masters,Data Scientist,Hyderabad,5,Mid,38.29
5,Masters,ML Engineer,Hyderabad,5,Mid,40.74
12,Masters,Data Scientist,Delhi,3,Enterprise,48.54
19,Bachelors,ML Engineer,Mumbai,2,Startup,63.05
14,Masters,Data Analyst,Delhi,4,Enterprise,57.14
2,Bachelors,BI Analyst,Pune,1,Enterprise,12.57
7,PhD,Data Scientist,Hyderabad,5,Startup,47.4
19,Masters,Data Scientist,Pune,2,Enterprise,63.21
15,Masters,BI Analyst,Delhi,1,Startup,49.34
12,PhD,Data Scientist,Mumbai,3,Startup,45.64
17,Bachelors,ML Engineer,Delhi,5,Startup,71.45
9,Masters,BI Analyst,Mumbai,4,Startup,40.61
18,Bachelors,ML Engineer,Mumbai,3,Enterprise,65.6
16,PhD,ML Engineer,Bangalore,5,Enterprise,71.39
18,Bachelors,Data Analyst,Hyderabad,2,Enterprise,55.6
4,Masters,ML Engineer,Delhi,1,Mid,30.98
20,PhD,Data Analyst,Mumbai,1,Enterprise,58.56
8,Bachelors,Data Scientist,Delhi,5,Enterprise,45.2
11,Bachelors,Data Scientist,Delhi,3,Mid,44.49
20,Masters,Data Analyst,Mumbai,4,Startup,72.96
0,Bachelors,ML Engineer,Pune,2,Startup,14.94
0,Bachelors,BI Analyst,Hyderabad,5,Startup,24.36
14,Bachelors,BI Analyst,Hyderabad,2,Mid,43.59
1,Bachelors,Data Analyst,Bangalore,1,Enterprise,8.5
15,PhD,Data Scientist,Bangalore,4,Enterprise,66.99
7,Masters,Data Scientist,Bangalore,2,Enterprise,36.45
12,Bachelors,BI Analyst,Hyderabad,5,Enterprise,49.87
20,Bachelors,Data Analyst,Pune,4,Mid,69.98
0,Bachelors,BI Analyst,Hyderabad,3,Enterprise,25.94
15,Bachelors,ML Engineer,Hyderabad,5,Startup,72.13
6,Bachelors,ML Engineer,Hyderabad,2,Mid,30.47
4,Bachelors,Data Analyst,Hyderabad,4,Mid,31
2,Bachelors,Data Analyst,Pune,5,Startup,30.2
11,Masters,ML Engineer,Bangalore,4,Startup,57.78
15,Bachelors,Data Scientist,Delhi,4,Enterprise,58.73
18,Masters,Data Analyst,Bangalore,4,Startup,66.39
4,Masters,ML Engineer,Bangalore,2,Mid,28.41
13,Masters,ML Engineer,Delhi,5,Mid,68.99
4,Masters,Data Scientist,Hyderabad,1,Mid,24.03
14,Masters,Data Scientist,Pune,1,Enterprise,48.06
16,PhD,Data Scientist,Pune,2,Enterprise,63.06
13,Masters,Data Scientist,Bangalore,2,Startup,52.9
19,Masters,BI Analyst,Delhi,4,Enterprise,72.73
4,Masters,Data Scientist,Mumbai,5,Enterprise,44.71
11,Masters,BI Analyst,Hyderabad,5,Mid,59.59
15,Bachelors,Data Analyst,Bangalore,3,Mid,49.6
15,Bachelors,ML Engineer,Pune,3,Startup,57.6
20,Bachelors,BI Analyst,Delhi,1,Mid,57.63
6,PhD,Data Analyst,Delhi,3,Enterprise,34.24
3,Masters,Data Analyst,Bangalore,3,Startup,25.61
0,PhD,BI Analyst,Mumbai,1,Startup,14.08
4,Masters,Data Analyst,Pune,1,Mid,19.41
9,Bachelors,Data Analyst,Bangalore,3,Mid,38.3
4,Bachelors,BI Analyst,Mumbai,5,Mid,31.66
3,Masters,Data Analyst,Delhi,3,Startup,26.59
1,Masters,Data Scientist,Hyderabad,4,Mid,29.8
19,PhD,Data Scientist,Pune,4,Enterprise,80.45
9,Bachelors,ML Engineer,Pune,4,Startup,47.79
18,Masters,Data Analyst,Mumbai,2,Mid,56.25
0,Masters,ML Engineer,Bangalore,4,Enterprise,32.14
4,Masters,Data Scientist,Delhi,5,Enterprise,31.58
12,Masters,Data Scientist,Mumbai,2,Mid,45.85
3,Masters,Data Scientist,Hyderabad,2,Enterprise,23.66
15,Bachelors,Data Analyst,Hyderabad,4,Startup,57.78
15,Masters,Data Analyst,Hyderabad,3,Startup,59.24
1,Masters,Data Scientist,Mumbai,1,Enterprise,20.55
16,PhD,ML Engineer,Delhi,3,Startup,67.64
19,Masters,ML Engineer,Pune,3,Mid,66.44
11,Bachelors,BI Analyst,Bangalore,2,Enterprise,36.86
17,Bachelors,Data Scientist,Pune,2,Startup,54.59
2,PhD,ML Engineer,Delhi,2,Mid,29.9
0,Masters,Data Scientist,Pune,5,Mid,31.67
0,PhD,ML Engineer,Mumbai,5,Startup,35.44
18,Bachelors,BI Analyst,Hyderabad,1,Enterprise,46.95
10,Masters,BI Analyst,Delhi,2,Mid,36.39
4,Masters,Data Scientist,Delhi,4,Mid,33.88
11,PhD,ML Engineer,Pune,2,Mid,55.26
2,Bachelors,Data Analyst,Mumbai,5,Mid,27.99
0,Masters,BI Analyst,Pune,2,Enterprise,15.18
0,Masters,Data Scientist,Pune,5,Startup,34.41
7,Bachelors,Data Scientist,Delhi,2,Startup,32.38
9,Masters,ML Engineer,Pune,4,Startup,48.34
10,Masters,Data Scientist,Hyderabad,1,Mid,40.46
11,PhD,BI Analyst,Pune,4,Enterprise,54.46
12,Bachelors,Data Scientist,Hyderabad,5,Startup,50.74
11,Bachelors,Data Scientist,Delhi,3,Enterprise,49.64
13,Bachelors,Data Analyst,Mumbai,4,Startup,54.82
1,Bachelors,Data Analyst,Hyderabad,2,Mid,15.42
18,Bachelors,BI Analyst,Mumbai,1,Startup,55.6
17,Masters,ML Engineer,Mumbai,2,Mid,64.35
2,Bachelors,Data Analyst,Hyderabad,2,Mid,20.18
16,PhD,ML Engineer,Delhi,4,Startup,74.51
7,PhD,BI Analyst,Bangalore,1,Enterprise,32.57
9,Masters,Data Analyst,Mumbai,3,Mid,35.73
1,PhD,ML Engineer,Mumbai,2,Enterprise,21.39
18,Masters,Data Analyst,Delhi,1,Startup,56.25
8,Masters,BI Analyst,Delhi,3,Mid,42.39
6,Bachelors,BI Analyst,Pune,2,Enterprise,24.28
3,Bachelors,Data Analyst,Delhi,1,Mid,11.36
20,Masters,ML Engineer,Mumbai,4,Startup,78.79
17,PhD,Data Scientist,Hyderabad,2,Mid,57.44
12,Bachelors,Data Scientist,Bangalore,2,Startup,43.29
10,PhD,Data Analyst,Pune,1,Enterprise,36.43
3,Masters,ML Engineer,Hyderabad,2,Mid,27.53
20,Bachelors,Data Scientist,Bangalore,3,Enterprise,73.15
3,PhD,BI Analyst,Bangalore,2,Startup,23.3
9,Masters,ML Engineer,Bangalore,5,Startup,56.26
4,Bachelors,Data Scientist,Hyderabad,3,Enterprise,25.16
8,Masters,ML Engineer,Pune,1,Enterprise,38.52
2,Bachelors,Data Analyst,Pune,3,Startup,20.76
16,Masters,ML Engineer,Bangalore,5,Enterprise,76.43
2,Bachelors,Data Scientist,Hyderabad,5,Startup,25.93
15,Bachelors,Data Analyst,Bangalore,2,Enterprise,47.83
3,PhD,ML Engineer,Delhi,2,Startup,31.6
17,Masters,BI Analyst,Pune,4,Startup,67.53
16,Bachelors,Data Scientist,Mumbai,3,Mid,55.97
6,Bachelors,Data Analyst,Bangalore,4,Startup,37.76
4,PhD,ML Engineer,Delhi,5,Startup,45.52
11,Bachelors,BI Analyst,Pune,2,Mid,38.68
16,Bachelors,Data Scientist,Hyderabad,2,Mid,56.17
12,Bachelors,BI Analyst,Pune,2,Enterprise,38.01
2,Bachelors,ML Engineer,Hyderabad,1,Enterprise,20.52
8,Masters,ML Engineer,Hyderabad,5,Startup,54.7
16,Masters,Data Analyst,Bangalore,2,Enterprise,52.4
16,Bachelors,BI Analyst,Bangalore,5,Enterprise,61.9
19,Masters,Data Analyst,Pune,2,Startup,54.3
15,Bachelors,Data Scientist,Delhi,3,Mid,55.26
12,PhD,Data Analyst,Pune,5,Mid,59.3
18,PhD,Data Scientist,Mumbai,4,Startup,75.12
16,Bachelors,ML Engineer,Hyderabad,1,Startup,53.51
3,PhD,ML Engineer,Hyderabad,4,Startup,43.41
11,Masters,BI Analyst,Bangalore,5,Startup,58.22
8,Bachelors,Data Scientist,Delhi,2,Startup,43.67
18,Bachelors,ML Engineer,Bangalore,5,Startup,76.24
11,Bachelors,BI Analyst,Mumbai,1,Enterprise,31.32
8,Masters,BI Analyst,Pune,5,Enterprise,50.18
6,PhD,Data Analyst,Pune,2,Enterprise,37.22
13,Masters,BI Analyst,Delhi,4,Mid,56.62
19,PhD,ML Engineer,Bangalore,3,Startup,67.73
18,Masters,Data Analyst,Bangalore,4,Startup,68.87
14,Masters,Data Scientist,Mumbai,2,Enterprise,49.71
15,Masters,Data Scientist,Pune,2,Mid,50.03
20,Bachelors,ML Engineer,Bangalore,1,Enterprise,62.06
4,Masters,ML Engineer,Delhi,5,Startup,39.52
2,Masters,Data Analyst,Pune,5,Startup,36.37
11,Bachelors,Data Analyst,Mumbai,4,Enterprise,49.59
19,Masters,ML Engineer,Delhi,3,Enterprise,70.84
20,Bachelors,ML Engineer,Hyderabad,3,Startup,68.85
3,Masters,Data Scientist,Mumbai,1,Enterprise,20.15
20,Masters,Data Scientist,Delhi,2,Startup,62.97
15,Bachelors,Data Scientist,Bangalore,1,Enterprise,46.27
6,Bachelors,ML Engineer,Hyderabad,5,Mid,37.37
12,Bachelors,BI Analyst,Mumbai,2,Startup,41.07
20,PhD,ML Engineer,Bangalore,1,Mid,67.84
9,Bachelors,ML Engineer,Hyderabad,4,Enterprise,51.14
6,PhD,Data Scientist,Pune,5,Mid,49.8
13,Bachelors,ML Engineer,Bangalore,3,Enterprise,56.63
4,PhD,Data Analyst,Delhi,1,Mid,24.74
2,PhD,ML Engineer,Mumbai,5,Mid,45.41
10,Bachelors,ML Engineer,Hyderabad,5,Mid,63.36
10,Masters,ML Engineer,Bangalore,3,Startup,50.76
17,Bachelors,ML Engineer,Pune,3,Mid,63.85
14,Masters,BI Analyst,Mumbai,3,Enterprise,56.66
11,Bachelors,ML Engineer,Mumbai,1,Enterprise,38.5
8,Bachelors,Data Analyst,Bangalore,3,Startup,35.34
9,Bachelors,Data Analyst,Pune,4,Startup,43.86
11,Bachelors,ML Engineer,Hyderabad,5,Enterprise,58.12
16,Bachelors,Data Scientist,Bangalore,3,Mid,58.1
5,Masters,BI Analyst,Hyderabad,5,Enterprise,43.2
6,PhD,ML Engineer,Mumbai,2,Startup,33.31
13,Bachelors,ML Engineer,Hyderabad,2,Startup,55.3
12,Masters,ML Engineer,Pune,3,Enterprise,55.76
7,Bachelors,Data Scientist,Delhi,5,Mid,44.1
9,Masters,Data Scientist,Pune,2,Mid,44.48
8,PhD,Data Scientist,Hyderabad,3,Startup,45.01
17,PhD,BI Analyst,Bangalore,5,Enterprise,72.69
1,PhD,Data Analyst,Mumbai,3,Enterprise,24.26
4,Bachelors,BI Analyst,Delhi,5,Startup,39.5
4,Masters,Data Scientist,Bangalore,2,Enterprise,27.57
5,Masters,Data Analyst,Bangalore,3,Startup,29.82
18,Bachelors,Data Analyst,Pune,2,Mid,58.2
7,PhD,Data Scientist,Hyderabad,3,Mid,45.85
15,Bachelors,Data Scientist,Pune,1,Enterprise,51.32
12,Masters,BI Analyst,Hyderabad,2,Mid,45.7
0,Bachelors,Data Scientist,Pune,2,Mid,18.44
19,Bachelors,Data Analyst,Bangalore,4,Startup,65.82
16,Masters,ML Engineer,Mumbai,2,Startup,62.48
6,Masters,Data Scientist,Hyderabad,5,Enterprise,48.13
12,Bachelors,Data Scientist,Delhi,3,Startup,49.89
3,Bachelors,BI Analyst,Delhi,1,Enterprise,10.03
3,Masters,BI Analyst,Bangalore,5,Enterprise,34.54
5,Bachelors,Data Scientist,Pune,5,Startup,40.36
18,Bachelors,Data Analyst,Pune,5,Mid,70.29
11,PhD,Data Analyst,Bangalore,5,Mid,65.1
6,Masters,ML Engineer,Delhi,1,Mid,33.48
9,Bachelors,Data Scientist,Delhi,4,Mid,43.17
18,Masters,BI Analyst,Pune,2,Enterprise,56.76
6,Masters,Data Analyst,Hyderabad,5,Mid,47.07
2,PhD,ML Engineer,Mumbai,2,Enterprise,27.23
12,Masters,Data Scientist,Hyderabad,2,Startup,49.86
12,Bachelors,Data Analyst,Delhi,5,Startup,54.65
17,Bachelors,Data Scientist,Hyderabad,4,Enterprise,64.3
19,Bachelors,Data Scientist,Mumbai,2,Mid,59.07
7,Masters,Data Analyst,Hyderabad,3,Enterprise,27.16
8,Bachelors,Data Analyst,Hyderabad,2,Mid,32.82
6,Masters,Data Analyst,Hyderabad,5,Mid,39.74
0,Bachelors,Data Scientist,Hyderabad,1,Enterprise,6.24
2,Bachelors,Data Scientist,Bangalore,2,Enterprise,20.54
12,PhD,ML Engineer,Delhi,4,Mid,64.89
16,Bachelors,BI Analyst,Mumbai,3,Enterprise,49.81
0,Bachelors,Data Scientist,Delhi,3,Mid,22.51
5,Masters,BI Analyst,Bangalore,1,Enterprise,19.79
20,Bachelors,Data Analyst,Bangalore,1,Startup,57.45
5,Masters,Data Scientist,Bangalore,2,Mid,31.74
11,Masters,ML Engineer,Bangalore,5,Startup,60.28
12,Bachelors,ML Engineer,Hyderabad,4,Enterprise,55.89
12,Masters,BI Analyst,Delhi,3,Startup,47.11
14,Masters,Data Analyst,Pune,1,Enterprise,44.89
20,Bachelors,BI Analyst,Mumbai,4,Mid,69.76
15,Bachelors,Data Analyst,Bangalore,5,Enterprise,58.73
20,Bachelors,ML Engineer,Delhi,3,Enterprise,66.43
10,PhD,BI Analyst,Bangalore,3,Mid,49.53
4,Bachelors,ML Engineer,Bangalore,5,Enterprise,41.71
3,Masters,ML Engineer,Bangalore,3,Mid,35.31
2,Masters,Data Analyst,Bangalore,5,Enterprise,31.29
18,Masters,BI Analyst,Bangalore,3,Mid,60.23
19,Bachelors,BI Analyst,Mumbai,2,Startup,54.56
17,Bachelors,ML Engineer,Delhi,5,Enterprise,71.76
14,Masters,ML Engineer,Bangalore,4,Enterprise,64.3
8,Bachelors,Data Analyst,Bangalore,2,Enterprise,29.57
16,Bachelors,Data Scientist,Bangalore,4,Mid,67.09
13,Bachelors,Data Scientist,Bangalore,3,Enterprise,48.77
14,Bachelors,ML Engineer,Hyderabad,4,Mid,61.35
0,PhD,Data Scientist,Hyderabad,2,Enterprise,18.35
20,Bachelors,Data Scientist,Pune,5,Startup,74.48
2,Bachelors,Data Scientist,Bangalore,1,Enterprise,15.04
15,Bachelors,Data Scientist,Pune,4,Startup,57.5
10,Masters,ML Engineer,Mumbai,1,Mid,40.77
11,Masters,Data Scientist,Pune,4,Startup,54.72
9,Bachelors,Data Scientist,Delhi,4,Enterprise,48.88
15,Masters,Data Analyst,Hyderabad,5,Enterprise,61.26
7,Masters,ML Engineer,Hyderabad,3,Mid,42.8
5,PhD,BI Analyst,Bangalore,2,Enterprise,29.81
11,Masters,BI Analyst,Bangalore,2,Enterprise,35.86
20,Bachelors,Data Analyst,Mumbai,2,Mid,56.61
7,Bachelors,Data Analyst,Mumbai,3,Mid,34.72
3,Bachelors,ML Engineer,Delhi,1,Startup,16.64
7,Bachelors,BI Analyst,Bangalore,2,Mid,28.58
17,PhD,Data Scientist,Bangalore,1,Enterprise,50.93
4,Bachelors,Data Analyst,Mumbai,3,Mid,25.79
8,Bachelors,BI Analyst,Mumbai,3,Enterprise,29.54
3,Masters,ML Engineer,Mumbai,5,Startup,39.89
16,Masters,Data Scientist,Hyderabad,2,Mid,55.09
8,Bachelors,ML Engineer,Pune,5,Enterprise,51.07
0,Bachelors,Data Analyst,Pune,2,Mid,11.24
20,Bachelors,BI Analyst,Bangalore,3,Mid,60.79
19,Masters,BI Analyst,Hyderabad,3,Mid,61.45
12,Bachelors,BI Analyst,Mumbai,4,Mid,44.96
15,Bachelors,BI Analyst,Bangalore,4,Startup,57.62
12,Masters,Data Scientist,Hyderabad,3,Enterprise,51.79
13,Bachelors,Data Scientist,Delhi,3,Mid,52.71
2,Masters,ML Engineer,Hyderabad,1,Enterprise,19.8
5,Bachelors,Data Scientist,Bangalore,1,Startup,17.3
17,Bachelors,Data Analyst,Pune,5,Enterprise,65.35
18,PhD,Data Analyst,Mumbai,4,Enterprise,70.23
4,Masters,BI Analyst,Delhi,4,Startup,30.11
14,Bachelors,Data Analyst,Hyderabad,3,Mid,46.89
1,Masters,ML Engineer,Bangalore,3,Enterprise,29.25
9,Masters,Data Scientist,Bangalore,5,Enterprise,53.4
17,Masters,Data Scientist,Mumbai,4,Mid,71.2
12,Bachelors,Data Scientist,Bangalore,1,Mid,44.47
4,PhD,Data Analyst,Bangalore,2,Enterprise,23.09
0,Bachelors,Data Scientist,Mumbai,5,Startup,27.24
0,Bachelors,BI Analyst,Delhi,2,Mid,12.37
17,Bachelors,BI Analyst,Pune,1,Mid,49.39
14,Bachelors,BI Analyst,Pune,1,Startup,44.15
16,Masters,Data Analyst,Hyderabad,2,Enterprise,55.59
10,Bachelors,Data Scientist,Delhi,5,Mid,55.92
20,Bachelors,Data Analyst,Hyderabad,2,Enterprise,60.18
16,PhD,Data Scientist,Pune,5,Enterprise,71.01
12,Bachelors,ML Engineer,Mumbai,5,Enterprise,66.15
0,Bachelors,ML Engineer,Bangalore,3,Startup,22.96
1,Bachelors,Data Analyst,Pune,4,Enterprise,22.67
8,Bachelors,BI Analyst,Delhi,4,Enterprise,36.98
2,Bachelors,Data Analyst,Pune,1,Mid,12.78
0,Masters,BI Analyst,Delhi,3,Mid,22.51
20,Bachelors,Data Scientist,Delhi,4,Startup,70.5
15,Bachelors,BI Analyst,Delhi,5,Startup,61.1
5,Masters,BI Analyst,Hyderabad,5,Mid,41.25
16,Masters,Data Scientist,Mumbai,2,Mid,57.82
4,Bachelors,ML Engineer,Pune,2,Startup,26.82
4,Masters,Data Scientist,Mumbai,5,Enterprise,39.92
5,Bachelors,Data Analyst,Bangalore,5,Startup,35.97
2,Bachelors,Data Analyst,Pune,2,Enterprise,13.48
20,Masters,Data Analyst,Mumbai,4,Mid,69.69
4,Bachelors,Data Analyst,Mumbai,1,Mid,14.71
20,PhD,Data Analyst,Bangalore,2,Mid,61.37
4,Bachelors,ML Engineer,Delhi,4,Enterprise,39.58
9,Masters,ML Engineer,Pune,4,Startup,52.68
9,Bachelors,BI Analyst,Pune,4,Enterprise,43.03
18,Masters,Data Analyst,Bangalore,3,Startup,66.61
16,Masters,Data Scientist,Delhi,3,Startup,63.05
20,Masters,Data Analyst,Pune,4,Startup,69.63
13,Bachelors,ML Engineer,Pune,5,Mid,66.22
8,Masters,Data Analyst,Pune,3,Startup,41.62
13,Masters,ML Engineer,Delhi,2,Mid,48.85
0,Masters,BI Analyst,Bangalore,3,Startup,22.21
18,Masters,BI Analyst,Pune,5,Startup,70.3
12,Masters,BI Analyst,Mumbai,1,Mid,42.29
12,Bachelors,ML Engineer,Delhi,3,Mid,50.29
3,Bachelors,Data Analyst,Hyderabad,4,Enterprise,26.6
0,Bachelors,Data Analyst,Bangalore,4,Startup,19.71
16,Bachelors,Data Scientist,Mumbai,4,Mid,59.48
7,PhD,ML Engineer,Pune,1,Enterprise,31.86
1,Masters,Data Scientist,Hyderabad,5,Enterprise,26.4
7,PhD,BI Analyst,Bangalore,2,Mid,31.64
6,Bachelors,Data Analyst,Delhi,5,Startup,47.79
1,PhD,ML Engineer,Hyderabad,1,Enterprise,23.33
2,Masters,Data Scientist,Hyderabad,4,Startup,37.39
17,Masters,Data Scientist,Mumbai,5,Startup,71.35
11,Masters,Data Scientist,Bangalore,2,Enterprise,43
0,Bachelors,Data Analyst,Mumbai,4,Mid,26.15
11,Masters,Data Analyst,Mumbai,2,Startup,42.53
4,Masters,Data Analyst,Pune,3,Mid,26.23
16,Bachelors,ML Engineer,Delhi,2,Enterprise,58.3
15,Bachelors,Data Analyst,Hyderabad,4,Startup,60.75
14,PhD,ML Engineer,Bangalore,3,Mid,57.82
14,PhD,Data Scientist,Delhi,4,Mid,64.99
4,PhD,Data Scientist,Delhi,4,Startup,35.51
20,Masters,BI Analyst,Bangalore,3,Mid,71.09
13,Bachelors,Data Analyst,Delhi,2,Mid,43.89
1,Bachelors,Data Scientist,Pune,1,Enterprise,14.79
10,Bachelors,Data Analyst,Delhi,1,Enterprise,30.85
18,Bachelors,ML Engineer,Pune,1,Mid,51.36
6,Bachelors,Data Scientist,Hyderabad,1,Mid,23.58
5,Bachelors,Data Analyst,Hyderabad,5,Startup,40.29
1,Bachelors,Data Scientist,Mumbai,1,Enterprise,18.88
5,PhD,Data Scientist,Pune,3,Startup,38.35
17,Bachelors,Data Analyst,Hyderabad,1,Mid,46.24
1,PhD,Data Scientist,Delhi,4,Startup,34.01
17,Masters,Data Scientist,Bangalore,1,Mid,56.82
14,Bachelors,Data Scientist,Bangalore,2,Enterprise,49
18,Bachelors,Data Scientist,Pune,3,Enterprise,62.91
1,Bachelors,ML Engineer,Mumbai,3,Mid,25.54
19,Bachelors,Data Scientist,Delhi,5,Enterprise,74.23
5,Masters,BI Analyst,Pune,4,Mid,36.89
0,Bachelors,Data Scientist,Bangalore,3,Startup,24.98
14,Bachelors,Data Analyst,Pune,2,Mid,39.5
9,Bachelors,BI Analyst,Delhi,1,Startup,28.38
18,PhD,ML Engineer,Hyderabad,3,Mid,68.9
16,Masters,BI Analyst,Delhi,2,Enterprise,56.94
4,Masters,BI Analyst,Hyderabad,1,Mid,19.68
3,Bachelors,BI Analyst,Hyderabad,5,Mid,34.38
9,Masters,Data Analyst,Hyderabad,3,Mid,45.38
16,Masters,Data Analyst,Pune,3,Enterprise,54.66
9,Masters,Data Analyst,Bangalore,2,Mid,35.02
16,PhD,ML Engineer,Pune,4,Enterprise,75.37
19,Bachelors,Data Analyst,Bangalore,5,Mid,67.74
4,PhD,Data Analyst,Delhi,4,Startup,35.12
1,PhD,BI Analyst,Mumbai,3,Mid,20.1
5,Bachelors,Data Analyst,Delhi,4,Startup,37.09
20,Bachelors,Data Scientist,Pune,1,Enterprise,56.76
1,PhD,Data Analyst,Pune,5,Enterprise,34.95
12,Bachelors,ML Engineer,Bangalore,4,Mid,57.83
10,Masters,ML Engineer,Pune,1,Enterprise,38.09
10,PhD,Data Scientist,Hyderabad,2,Mid,39.29
15,Masters,ML Engineer,Pune,4,Enterprise,65.34
10,Bachelors,ML Engineer,Bangalore,5,Startup,54.79
18,Masters,BI Analyst,Bangalore,1,Enterprise,53.52
14,Bachelors,Data Scientist,Hyderabad,4,Startup,57.44
15,Masters,BI Analyst,Bangalore,2,Mid,49.5
10,Bachelors,BI Analyst,Mumbai,4,Mid,43.39
15,Masters,Data Analyst,Delhi,1,Mid,47.39
7,Masters,Data Scientist,Pune,4,Startup,41.33
3,Masters,Data Analyst,Mumbai,5,Mid,35.41
7,Masters,Data Analyst,Pune,3,Mid,34.61
3,Masters,BI Analyst,Mumbai,1,Startup,18.59
2,Masters,ML Engineer,Pune,1,Enterprise,24.63
2,Bachelors,Data Scientist,Hyderabad,1,Mid,18.75
17,Masters,ML Engineer,Bangalore,1,Enterprise,61.17
18,Bachelors,BI Analyst,Bangalore,4,Enterprise,63.2
18,PhD,BI Analyst,Hyderabad,5,Mid,73.95
20,Bachelors,BI Analyst,Mumbai,2,Mid,56.19
4,Bachelors,BI Analyst,Delhi,5,Startup,34.07
17,Masters,BI Analyst,Mumbai,1,Startup,50.38
9,Bachelors,BI Analyst,Bangalore,4,Mid,40.75
20,Bachelors,ML Engineer,Delhi,4,Enterprise,73.13
5,Masters,Data Analyst,Pune,1,Startup,17.41
0,Masters,ML Engineer,Delhi,4,Startup,25.97
4,Masters,Data Scientist,Mumbai,1,Mid,23.23
8,Bachelors,ML Engineer,Hyderabad,5,Mid,50.95
11,Masters,BI Analyst,Pune,3,Mid,47.35
13,Bachelors,ML Engineer,Mumbai,4,Mid,57.42
1,Masters,Data Analyst,Pune,1,Startup,12.93
16,Masters,Data Scientist,Delhi,1,Startup,55.65
13,Masters,ML Engineer,Bangalore,4,Startup,61.04
12,Bachelors,Data Analyst,Mumbai,2,Enterprise,38.9
8,Bachelors,ML Engineer,Hyderabad,1,Startup,29.13
14,Bachelors,Data Scientist,Delhi,4,Startup,59.99
14,Bachelors,ML Engineer,Mumbai,1,Mid,41.99
10,Bachelors,BI Analyst,Hyderabad,2,Startup,33.48
15,Masters,ML Engineer,Mumbai,3,Startup,62.76
16,Bachelors,Data Analyst,Delhi,2,Startup,44.68
3,PhD,ML Engineer,Mumbai,5,Mid,42.86
0,Bachelors,Data Analyst,Pune,4,Startup,21.39
7,Masters,Data Scientist,Delhi,2,Startup,33.65
16,Masters,ML Engineer,Mumbai,3,Enterprise,60.95
2,Bachelors,Data Scientist,Bangalore,1,Enterprise,13.52
19,Bachelors,Data Scientist,Mumbai,4,Enterprise,72.05
14,Masters,ML Engineer,Pune,2,Enterprise,60.09
14,Bachelors,Data Analyst,Hyderabad,3,Mid,50.52
13,PhD,Data Scientist,Hyderabad,2,Enterprise,46.24
13,Masters,Data Scientist,Hyderabad,5,Startup,64.4
1,PhD,ML Engineer,Bangalore,4,Enterprise,34.21
12,Bachelors,ML Engineer,Pune,1,Mid,39.01
13,Masters,ML Engineer,Delhi,3,Enterprise,54.3
18,Masters,ML Engineer,Hyderabad,2,Enterprise,61.93
6,Masters,ML Engineer,Pune,4,Mid,40.17
2,Bachelors,BI Analyst,Mumbai,2,Mid,16.61
14,Masters,ML Engineer,Bangalore,4,Mid,69.08
13,Bachelors,Data Analyst,Pune,5,Mid,53.4
10,Masters,Data Scientist,Pune,2,Mid,47.39
14,Bachelors,Data Analyst,Delhi,5,Mid,59.72
12,PhD,Data Analyst,Pune,3,Startup,51.02
17,Bachelors,BI Analyst,Delhi,5,Enterprise,65.33
5,Masters,ML Engineer,Bangalore,4,Enterprise,39.58
2,PhD,Data Scientist,Bangalore,3,Mid,31.18
18,Masters,Data Analyst,Mumbai,2,Mid,59.77
14,Masters,ML Engineer,Delhi,2,Startup,47.32
4,Bachelors,ML Engineer,Delhi,4,Startup,44.23
9,PhD,BI Analyst,Hyderabad,1,Mid,29.67
6,Bachelors,BI Analyst,Hyderabad,1,Startup,20.33
16,Masters,BI Analyst,Mumbai,2,Startup,45.73
6,Masters,Data Scientist,Bangalore,4,Mid,40.6
11,Masters,Data Analyst,Hyderabad,1,Mid,35.52
16,Bachelors,BI Analyst,Pune,5,Mid,62.36
12,Masters,BI Analyst,Bangalore,2,Mid,44.71
19,Masters,BI Analyst,Pune,5,Enterprise,73.37
3,Bachelors,Data Analyst,Delhi,4,Enterprise,29.82
9,PhD,Data Analyst,Bangalore,5,Mid,49.39
2,Bachelors,BI Analyst,Mumbai,1,Startup,12.53
8,Bachelors,BI Analyst,Delhi,1,Mid,24.8
12,Bachelors,ML Engineer,Delhi,3,Enterprise,50.19
17,Bachelors,BI Analyst,Pune,2,Startup,53.61
14,PhD,Data Scientist,Delhi,4,Enterprise,62.09
3,Bachelors,Data Scientist,Hyderabad,2,Mid,21.88
14,Bachelors,BI Analyst,Bangalore,5,Enterprise,55.64
1,Bachelors,Data Analyst,Hyderabad,4,Enterprise,26.69
14,Masters,ML Engineer,Pune,4,Enterprise,65.79
7,Masters,Data Analyst,Pune,1,Startup,27.6
7,Bachelors,BI Analyst,Bangalore,5,Enterprise,41.57
16,Bachelors,Data Scientist,Delhi,1,Startup,48.59
11,PhD,ML Engineer,Mumbai,1,Mid,49.12
18,Bachelors,Data Analyst,Pune,3,Mid,61.67
9,Bachelors,Data Analyst,Bangalore,1,Enterprise,32.37
8,Bachelors,BI Analyst,Mumbai,2,Startup,30.17
4,Masters,ML Engineer,Delhi,4,Mid,41.05
5,Bachelors,Data Scientist,Pune,1,Startup,26.07
19,Masters,BI Analyst,Bangalore,2,Startup,57.82
1,Bachelors,ML Engineer,Bangalore,5,Enterprise,30.93
12,PhD,Data Analyst,Bangalore,4,Enterprise,56.63
5,Bachelors,BI Analyst,Pune,5,Startup,33.8
4,Masters,Data Analyst,Mumbai,2,Startup,19.15
0,Bachelors,Data Analyst,Bangalore,5,Enterprise,29.02
20,Bachelors,BI Analyst,Delhi,5,Startup,77.55
20,Masters,BI Analyst,Bangalore,5,Enterprise,72.96
5,Bachelors,BI Analyst,Mumbai,1,Startup,15.2
5,PhD,BI Analyst,Pune,1,Enterprise,23.54
15,PhD,BI Analyst,Bangalore,1,Startup,53.26
3,PhD,Data Analyst,Bangalore,4,Enterprise,32.97
10,Bachelors,Data Scientist,Delhi,2,Startup,39.28
8,Masters,Data Scientist,Delhi,1,Mid,33.67
2,Bachelors,BI Analyst,Bangalore,5,Mid,30.82
18,PhD,Data Analyst,Bangalore,5,Startup,79.18
7,Masters,Data Scientist,Delhi,5,Mid,46.14
4,Masters,Data Scientist,Mumbai,5,Startup,40.79
3,Bachelors,Data Scientist,Hyderabad,3,Startup,27.4
5,Masters,Data Analyst,Hyderabad,4,Mid,35.85
1,Bachelors,BI Analyst,Bangalore,2,Startup,10.74
19,Masters,BI Analyst,Delhi,2,Enterprise,56.18
10,Bachelors,BI Analyst,Pune,1,Startup,27.02
3,Masters,ML Engineer,Pune,3,Startup,34.88
14,Masters,ML Engineer,Hyderabad,2,Mid,52.14
5,Masters,ML Engineer,Mumbai,4,Enterprise,43.41
16,Bachelors,Data Analyst,Hyderabad,5,Startup,64.16
5,Masters,Data Scientist,Bangalore,1,Startup,22.58
18,Bachelors,Data Scientist,Mumbai,4,Startup,64.35
1,Bachelors,Data Analyst,Pune,2,Startup,14.8
14,Bachelors,Data Analyst,Delhi,3,Startup,50.33
10,Bachelors,BI Analyst,Delhi,1,Startup,32.98
7,Bachelors,BI Analyst,Bangalore,2,Enterprise,27.43
18,Masters,ML Engineer,Hyderabad,1,Enterprise,57.16
12,Bachelors,ML Engineer,Bangalore,2,Startup,47.13
11,Bachelors,Data Analyst,Delhi,5,Startup,56.16
4,PhD,ML Engineer,Pune,3,Mid,32.47
5,Bachelors,Data Scientist,Delhi,5,Enterprise,38.1
3,Masters,Data Analyst,Mumbai,2,Enterprise,23.97
18,Masters,Data Analyst,Delhi,4,Startup,67.85
19,PhD,Data Scientist,Delhi,5,Enterprise,81.92
0,Masters,BI Analyst,Mumbai,4,Enterprise,22.71
19,Masters,BI Analyst,Hyderabad,2,Mid,55.76
16,Masters,Data Scientist,Delhi,3,Mid,65.91
11,Bachelors,Data Scientist,Bangalore,4,Enterprise,53.65
14,Masters,ML Engineer,Delhi,2,Enterprise,54.53
0,Bachelors,Data Analyst,Bangalore,4,Enterprise,18.48
13,PhD,ML Engineer,Mumbai,5,Startup,67.23
5,Bachelors,Data Scientist,Delhi,2,Mid,27.69
4,Masters,ML Engineer,Mumbai,5,Startup,43.35
10,Bachelors,Data Scientist,Mumbai,1,Mid,34.46
3,Masters,ML Engineer,Hyderabad,2,Mid,33.03
12,Bachelors,ML Engineer,Delhi,4,Mid,58.57
10,PhD,BI Analyst,Bangalore,1,Enterprise,33.99
2,Masters,Data Scientist,Bangalore,5,Mid,36.53
0,Bachelors,ML Engineer,Delhi,5,Startup,29.94
5,Masters,Data Analyst,Hyderabad,4,Mid,36.89
17,Masters,ML Engineer,Hyderabad,1,Startup,57.11
9,Masters,ML Engineer,Hyderabad,3,Mid,56
4,Bachelors,Data Analyst,Bangalore,4,Mid,31.89
9,Bachelors,Data Scientist,Mumbai,5,Enterprise,49.7
11,Bachelors,BI Analyst,Hyderabad,2,Startup,43.93
1,Bachelors,BI Analyst,Bangalore,1,Mid,10.52
12,PhD,BI Analyst,Bangalore,3,Mid,46.74
7,Bachelors,Data Analyst,Mumbai,2,Startup,28.43
1,Masters,ML Engineer,Delhi,1,Mid,20.74
19,Bachelors,Data Scientist,Delhi,4,Enterprise,71.05
0,Masters,ML Engineer,Hyderabad,4,Startup,33.02
4,Masters,BI Analyst,Hyderabad,1,Enterprise,20.56
8,PhD,ML Engineer,Mumbai,3,Startup,47.95
16,Bachelors,Data Analyst,Hyderabad,1,Startup,41.69
8,Bachelors,Data Analyst,Mumbai,2,Startup,35.79
10,Bachelors,Data Scientist,Bangalore,2,Mid,38.08
14,Bachelors,Data Scientist,Hyderabad,4,Startup,54.66
5,Bachelors,BI Analyst,Bangalore,1,Startup,27.38
2,Bachelors,Data Scientist,Pune,4,Startup,33.84
16,Bachelors,ML Engineer,Mumbai,3,Enterprise,59.56
4,Masters,Data Analyst,Pune,2,Startup,18.96
11,Bachelors,Data Analyst,Hyderabad,5,Mid,49.74
17,Bachelors,Data Analyst,Bangalore,5,Startup,71.04
13,Bachelors,Data Scientist,Hyderabad,1,Startup,42.23
20,Masters,Data Analyst,Pune,1,Enterprise,54.45
10,PhD,Data Analyst,Hyderabad,5,Mid,57.85
8,Masters,Data Analyst,Delhi,1,Mid,29.07
1,Masters,BI Analyst,Pune,2,Mid,15.45
11,Bachelors,BI Analyst,Hyderabad,3,Startup,41.18
2,Masters,Data Scientist,Bangalore,3,Startup,31.22
2,Bachelors,Data Analyst,Hyderabad,4,Mid,27.44
0,Bachelors,Data Scientist,Bangalore,2,Mid,10.54
7,Masters,Data Analyst,Delhi,1,Enterprise,28.4
7,PhD,Data Analyst,Hyderabad,1,Mid,30.62
10,Bachelors,Data Analyst,Delhi,4,Startup,43.74
8,Masters,Data Scientist,Pune,4,Startup,45.1
4,Masters,Data Scientist,Bangalore,1,Startup,20.5
13,Bachelors,Data Analyst,Pune,1,Enterprise,36.71
2,Bachelors,ML Engineer,Bangalore,2,Mid,23.67
20,Bachelors,Data Scientist,Delhi,4,Startup,71.17
4,Bachelors,BI Analyst,Mumbai,2,Enterprise,23.24
4,Bachelors,Data Scientist,Hyderabad,1,Enterprise,17.75
18,Bachelors,Data Analyst,Delhi,5,Startup,70.82
13,Bachelors,ML Engineer,Bangalore,5,Enterprise,66.64
3,Masters,Data Analyst,Bangalore,1,Enterprise,17.68
12,Masters,BI Analyst,Bangalore,4,Startup,54.36
9,PhD,Data Scientist,Bangalore,5,Enterprise,57.78
17,Bachelors,Data Scientist,Hyderabad,4,Startup,63.29
7,Masters,Data Analyst,Pune,5,Startup,46.99
7,PhD,Data Analyst,Mumbai,4,Enterprise,36.99
6,Masters,BI Analyst,Hyderabad,5,Startup,34.9
7,Bachelors,ML Engineer,Bangalore,4,Startup,42.81
13,Masters,BI Analyst,Hyderabad,2,Mid,48.1
18,Bachelors,ML Engineer,Delhi,4,Startup,69.94
5,Bachelors,Data Scientist,Bangalore,2,Mid,29.24
0,Masters,ML Engineer,Mumbai,2,Mid,17.39
14,Masters,ML Engineer,Bangalore,1,Mid,52.75
0,Bachelors,Data Scientist,Mumbai,2,Mid,19.89
16,PhD,Data Scientist,Mumbai,3,Enterprise,61.81
0,Masters,Data Scientist,Pune,2,Enterprise,20.31
14,Bachelors,BI Analyst,Pune,4,Startup,54.67
1,PhD,Data Scientist,Hyderabad,2,Startup,24.73
13,Bachelors,Data Analyst,Hyderabad,4,Startup,57.08
20,PhD,Data Scientist,Mumbai,4,Enterprise,78.98
7,Masters,Data Scientist,Bangalore,3,Mid,41.59
7,Bachelors,Data Scientist,Delhi,2,Enterprise,28.01
18,Masters,ML Engineer,Delhi,2,Enterprise,66.4
6,Masters,BI Analyst,Bangalore,5,Startup,47.73
18,Masters,Data Scientist,Bangalore,5,Startup,71.93
5,PhD,BI Analyst,Pune,1,Startup,24.53
5,Masters,Data Analyst,Delhi,4,Mid,38.06
2,Masters,Data Analyst,Mumbai,3,Mid,25.64
6,PhD,Data Scientist,Hyderabad,5,Enterprise,44.82
18,Masters,Data Analyst,Pune,2,Mid,58.69
7,Bachelors,BI Analyst,Delhi,1,Startup,23.3
9,PhD,ML Engineer,Bangalore,3,Mid,47.19
19,Bachelors,Data Scientist,Delhi,2,Mid,64.67
14,Masters,Data Analyst,Mumbai,2,Mid,48.62
14,PhD,BI Analyst,Pune,4,Mid,63.55
0,Masters,BI Analyst,Bangalore,4,Startup,20.48
19,Masters,Data Analyst,Mumbai,5,Startup,75.87
6,Masters,BI Analyst,Hyderabad,5,Enterprise,46.09
3,Bachelors,BI Analyst,Pune,2,Enterprise,18.47
5,PhD,Data Scientist,Mumbai,2,Enterprise,31.51
0,Bachelors,BI Analyst,Mumbai,5,Mid,21.59
4,Bachelors,Data Analyst,Bangalore,5,Mid,32.5
0,Bachelors,Data Scientist,Hyderabad,2,Startup,13.64
3,Masters,Data Analyst,Mumbai,3,Enterprise,23.77
1,Masters,ML Engineer,Pune,2,Startup,21.1
9,Masters,Data Analyst,Mumbai,3,Enterprise,41.57
4,Bachelors,Data Analyst,Delhi,3,Enterprise,26.93
9,Bachelors,Data Scientist,Pune,2,Enterprise,39.87
0,Bachelors,BI Analyst,Pune,1,Mid,5.21
5,Bachelors,Data Analyst,Mumbai,5,Enterprise,37.57
12,Masters,Data Scientist,Bangalore,4,Enterprise,54.55
14,Bachelors,ML Engineer,Pune,2,Mid,50.13
3,Bachelors,Data Scientist,Delhi,3,Enterprise,25.75
12,Bachelors,Data Scientist,Bangalore,2,Mid,43.21
19,Bachelors,BI Analyst,Bangalore,5,Mid,71.85
14,Bachelors,Data Analyst,Bangalore,3,Startup,49.11
7,Bachelors,ML Engineer,Pune,4,Mid,47.48
4,Masters,Data Scientist,Bangalore,4,Mid,31.49
14,Masters,Data Analyst,Mumbai,4,Mid,60.76
3,Masters,Data Analyst,Bangalore,1,Enterprise,16.59
11,PhD,Data Scientist,Delhi,3,Startup,51.33
12,Bachelors,Data Analyst,Hyderabad,3,Enterprise,45.27
1,Masters,Data Scientist,Delhi,1,Mid,18.02
18,PhD,Data Scientist,Pune,3,Mid,66.06
18,Bachelors,Data Scientist,Bangalore,1,Startup,51.73
3,PhD,ML Engineer,Bangalore,2,Startup,32.7
3,Bachelors,Data Scientist,Mumbai,5,Mid,30.61
10,Bachelors,BI Analyst,Bangalore,4,Mid,44.9
4,Bachelors,Data Analyst,Delhi,1,Enterprise,14.71
19,Masters,ML Engineer,Pune,1,Mid,59.08
10,Masters,Data Analyst,Hyderabad,1,Enterprise,29.58
9,Masters,ML Engineer,Bangalore,2,Startup,44.92
7,Bachelors,BI Analyst,Hyderabad,1,Enterprise,24.78
5,Bachelors,ML Engineer,Bangalore,5,Mid,41.48
5,Bachelors,ML Engineer,Pune,5,Enterprise,43.01
7,Bachelors,ML Engineer,Delhi,4,Enterprise,40.52
14,PhD,Data Analyst,Pune,2,Startup,49.99
13,Bachelors,Data Scientist,Hyderabad,5,Enterprise,59.1
10,Masters,Data Analyst,Bangalore,3,Mid,43.69
11,Masters,Data Scientist,Hyderabad,3,Enterprise,50.08
12,Bachelors,Data Analyst,Delhi,3,Enterprise,39.88
7,Masters,BI Analyst,Pune,1,Enterprise,28.49
17,Bachelors,BI Analyst,Hyderabad,1,Mid,43.12
0,Bachelors,ML Engineer,Hyderabad,3,Enterprise,23.79
14,Bachelors,BI Analyst,Delhi,4,Mid,53.96
7,Masters,ML Engineer,Bangalore,4,Enterprise,50.07
10,Bachelors,Data Scientist,Hyderabad,1,Startup,32.48
11,Masters,BI Analyst,Delhi,3,Startup,48.24
11,Masters,Data Scientist,Bangalore,4,Startup,49.9
3,Bachelors,Data Analyst,Bangalore,1,Mid,15.02
15,Masters,Data Scientist,Pune,3,Mid,52.39
3,Masters,Data Analyst,Delhi,2,Mid,24.85
4,Bachelors,Data Scientist,Bangalore,3,Enterprise,34.28
4,Bachelors,Data Scientist,Pune,3,Mid,27.01
7,Masters,BI Analyst,Mumbai,5,Mid,45.67
9,Bachelors,Data Scientist,Delhi,5,Mid,51.43
16,Masters,BI Analyst,Mumbai,2,Mid,48.75
8,Bachelors,BI Analyst,Bangalore,2,Startup,28.95
18,Bachelors,ML Engineer,Delhi,3,Enterprise,63.27
13,Bachelors,ML Engineer,Pune,4,Startup,65.42
7,Bachelors,Data Analyst,Bangalore,2,Enterprise,31.94
8,Masters,Data Scientist,Delhi,3,Enterprise,41.05
10,Bachelors,Data Analyst,Delhi,1,Startup,33.84
0,Masters,Data Scientist,Mumbai,5,Mid,32.13
13,PhD,ML Engineer,Bangalore,4,Startup,65.98
4,Masters,ML Engineer,Pune,3,Enterprise,31.94
20,Masters,Data Scientist,Pune,1,Enterprise,65.62
13,Bachelors,Data Scientist,Bangalore,5,Mid,57.4
3,Bachelors,ML Engineer,Bangalore,1,Startup,18.55
0,Masters,ML Engineer,Hyderabad,3,Enterprise,27.27
18,Bachelors,Data Analyst,Mumbai,2,Startup,56.24
7,Masters,ML Engineer,Bangalore,5,Mid,51.37
14,Bachelors,Data Scientist,Bangalore,1,Mid,46.62
20,Masters,Data Analyst,Hyderabad,2,Enterprise,59.52
14,PhD,Data Scientist,Hyderabad,4,Mid,69.13
8,PhD,BI Analyst,Delhi,3,Enterprise,40.2
20,Masters,Data Analyst,Pune,3,Enterprise,67.23
8,Masters,Data Scientist,Mumbai,5,Mid,56.28
9,Masters,ML Engineer,Delhi,1,Mid,35.97
19,Masters,BI Analyst,Bangalore,4,Startup,72.67
20,Bachelors,Data Scientist,Hyderabad,5,Startup,75.86
8,Bachelors,Data Analyst,Pune,5,Enterprise,42.17
2,Bachelors,Data Scientist,Delhi,1,Startup,14.15
19,PhD,BI Analyst,Pune,4,Enterprise,74.3
10,Bachelors,Data Analyst,Hyderabad,1,Mid,34.54
5,Masters,BI Analyst,Delhi,3,Mid,32.18
1,Masters,Data Scientist,Delhi,2,Startup,15.61
6,Masters,ML Engineer,Pune,3,Enterprise,41.81
17,Masters,ML Engineer,Hyderabad,3,Enterprise,65.87
1,Bachelors,Data Scientist,Bangalore,5,Startup,27.59
16,Masters,Data Scientist,Delhi,3,Enterprise,61.94
10,Masters,Data Scientist,Bangalore,4,Enterprise,54.4
11,Bachelors,Data Analyst,Hyderabad,3,Mid,42.92
18,Bachelors,BI Analyst,Delhi,4,Enterprise,66.97
6,Masters,BI Analyst,Delhi,1,Enterprise,26.29
19,Masters,BI Analyst,Bangalore,5,Enterprise,75.53
5,Bachelors,Data Scientist,Mumbai,4,Startup,35.08
20,Masters,BI Analyst,Bangalore,3,Startup,69.96
0,Masters,Data Scientist,Bangalore,5,Startup,34.24
16,Bachelors,Data Analyst,Mumbai,5,Enterprise,66.28
10,PhD,ML Engineer,Hyderabad,4,Enterprise,56.06
17,Masters,Data Scientist,Hyderabad,4,Startup,70.76
20,Masters,Data Scientist,Delhi,2,Startup,67.16
16,Masters,ML Engineer,Pune,2,Enterprise,56.48
6,Bachelors,ML Engineer,Pune,5,Enterprise,44.76
16,Bachelors,Data Analyst,Delhi,2,Mid,48.81
19,Bachelors,BI Analyst,Pune,3,Startup,56.14
8,Bachelors,Data Scientist,Bangalore,1,Enterprise,32.71
16,Bachelors,BI Analyst,Bangalore,5,Startup,73.2
19,PhD,Data Scientist,Mumbai,1,Startup,65.73
7,Masters,Data Analyst,Mumbai,2,Startup,32.29
16,Masters,ML Engineer,Delhi,4,Mid,66.85
6,PhD,Data Analyst,Delhi,5,Enterprise,43.12
0,Masters,ML Engineer,Delhi,2,Enterprise,21.45
12,Bachelors,BI Analyst,Bangalore,3,Startup,48.2
18,Bachelors,BI Analyst,Pune,5,Enterprise,66.68
18,Masters,Data Analyst,Delhi,5,Mid,79.39
16,Masters,ML Engineer,Delhi,4,Startup,64.25
12,Bachelors,Data Analyst,Bangalore,5,Mid,54.97
15,Masters,ML Engineer,Bangalore,4,Mid,66.21
7,Bachelors,ML Engineer,Bangalore,2,Enterprise,34.82
18,Masters,BI Analyst,Pune,3,Enterprise,60.99
17,Masters,BI Analyst,Delhi,3,Mid,60.55
0,Masters,ML Engineer,Hyderabad,5,Enterprise,33.15
13,PhD,ML Engineer,Hyderabad,5,Mid,72.56
18,Masters,ML Engineer,Delhi,2,Mid,69.06
14,PhD,BI Analyst,Delhi,4,Startup,59.43
17,PhD,BI Analyst,Delhi,3,Mid,58.37
1,Masters,Data Scientist,Delhi,4,Mid,30.35
16,Masters,ML Engineer,Pune,2,Enterprise,60.24
17,Bachelors,Data Scientist,Hyderabad,3,Startup,60.62
5,Bachelors,ML Engineer,Mumbai,3,Enterprise,36.1
18,Masters,BI Analyst,Hyderabad,1,Startup,57.84
3,Bachelors,Data Scientist,Hyderabad,2,Enterprise,24.7
0,Bachelors,Data Scientist,Bangalore,2,Mid,16.59
7,PhD,Data Analyst,Delhi,1,Startup,32.56
6,PhD,ML Engineer,Delhi,4,Startup,48.15
2,Masters,BI Analyst,Delhi,1,Startup,12.46
9,Bachelors,Data Analyst,Bangalore,2,Startup,37.95
9,Bachelors,Data Analyst,Pune,4,Enterprise,42.91
18,Bachelors,ML Engineer,Pune,3,Enterprise,62.86
13,Bachelors,Data Analyst,Mumbai,1,Startup,35.32
1,Bachelors,ML Engineer,Pune,4,Startup,26.65
0,Bachelors,Data Analyst,Pune,4,Startup,17.3
17,PhD,ML Engineer,Delhi,4,Enterprise,75.81
6,Masters,BI Analyst,Hyderabad,1,Startup,24.37
7,Bachelors,ML Engineer,Pune,3,Startup,41.63
0,Bachelors,ML Engineer,Pune,4,Startup,30.51
2,Masters,Data Scientist,Bangalore,1,Enterprise,21.03
7,Bachelors,BI Analyst,Mumbai,2,Mid,30.7
14,PhD,BI Analyst,Bangalore,1,Mid,47.96
4,Bachelors,BI Analyst,Delhi,1,Enterprise,16.53
2,Bachelors,Data Analyst,Hyderabad,1,Mid,11.93
18,Bachelors,Data Scientist,Mumbai,4,Startup,68.95
0,Bachelors,BI Analyst,Bangalore,1,Startup,4.62
14,Masters,Data Analyst,Pune,2,Enterprise,48.44
7,Masters,Data Analyst,Pune,4,Enterprise,38.57
1,Masters,Data Analyst,Mumbai,2,Mid,20.92
2,Bachelors,Data Scientist,Pune,5,Mid,35.45
13,Masters,Data Analyst,Bangalore,1,Startup,48.11
13,Masters,Data Scientist,Bangalore,4,Enterprise,55.93
10,PhD,ML Engineer,Pune,4,Mid,55.05
15,Bachelors,Data Analyst,Pune,1,Mid,43.67
3,Bachelors,BI Analyst,Delhi,3,Startup,21.52
19,Masters,Data Analyst,Hyderabad,3,Startup,66.71
4,Masters,ML Engineer,Mumbai,2,Startup,30.45
20,Bachelors,ML Engineer,Bangalore,1,Startup,60.03
13,Bachelors,Data Analyst,Mumbai,1,Mid,41.96
15,Bachelors,ML Engineer,Delhi,5,Enterprise,61.95
17,PhD,Data Scientist,Bangalore,3,Enterprise,67.93
6,Bachelors,Data Scientist,Delhi,3,Startup,32.25
9,PhD,Data Analyst,Delhi,1,Startup,37.55
6,Masters,Data Scientist,Pune,2,Mid,35.57
0,PhD,Data Scientist,Mumbai,1,Startup,9.67
20,Masters,BI Analyst,Mumbai,2,Enterprise,62.37
18,Bachelors,Data Analyst,Pune,3,Startup,59.87
15,PhD,ML Engineer,Mumbai,5,Enterprise,66.43
18,Bachelors,Data Analyst,Pune,4,Startup,64.88
3,PhD,Data Scientist,Bangalore,3,Startup,31.12
17,Masters,BI Analyst,Delhi,2,Enterprise,52.18
1,Bachelors,Data Analyst,Delhi,1,Mid,7.95
0,Masters,Data Analyst,Mumbai,3,Mid,17.03
14,PhD,Data Scientist,Hyderabad,5,Startup,66.39
4,Bachelors,Data Scientist,Delhi,2,Startup,25.16
19,Masters,Data Analyst,Pune,1,Enterprise,59.04
10,Masters,Data Scientist,Hyderabad,4,Enterprise,50.77
9,Masters,Data Scientist,Hyderabad,2,Startup,42.91
1,Bachelors,Data Scientist,Delhi,1,Enterprise,9.76
2,Bachelors,Data Scientist,Delhi,4,Mid,29.26
11,Bachelors,Data Scientist,Delhi,1,Mid,43.22
19,Masters,BI Analyst,Pune,4,Enterprise,64.83
4,Bachelors,Data Scientist,Hyderabad,4,Enterprise,28.71
4,PhD,ML Engineer,Mumbai,4,Enterprise,46.44
5,Bachelors,Data Analyst,Pune,1,Mid,20.16
8,Masters,BI Analyst,Bangalore,4,Startup,41.4
1,Bachelors,BI Analyst,Delhi,2,Enterprise,11.01
20,Bachelors,Data Scientist,Hyderabad,5,Enterprise,76.39
11,Bachelors,Data Analyst,Pune,5,Enterprise,52.3
2,Bachelors,ML Engineer,Bangalore,4,Startup,32.22
19,Masters,Data Scientist,Pune,5,Enterprise,73.68
11,PhD,Data Analyst,Pune,5,Enterprise,56.89
16,Masters,Data Scientist,Mumbai,4,Mid,63.7
9,PhD,Data Scientist,Mumbai,4,Enterprise,53.54
13,PhD,Data Scientist,Pune,2,Mid,48.96
16,Masters,Data Scientist,Bangalore,3,Startup,61.13
17,Masters,Data Scientist,Hyderabad,1,Enterprise,62.2
18,Masters,Data Scientist,Hyderabad,4,Enterprise,66.75
16,Bachelors,Data Scientist,Delhi,4,Mid,60.16
13,Masters,ML Engineer,Delhi,5,Startup,65.42
8,Bachelors,BI Analyst,Hyderabad,2,Startup,22.37
7,Masters,ML Engineer,Pune,5,Mid,47.02
1,Masters,Data Scientist,Pune,4,Startup,30.33
12,Bachelors,Data Scientist,Mumbai,4,Startup,52.27
6,Bachelors,ML Engineer,Mumbai,5,Startup,49.06
8,PhD,ML Engineer,Delhi,4,Startup,51.49
10,Masters,BI Analyst,Hyderabad,3,Startup,42.52
13,Bachelors,ML Engineer,Pune,1,Startup,42.59
3,Masters,BI Analyst,Hyderabad,1,Startup,16.67
12,Masters,Data Scientist,Bangalore,1,Startup,38.67
1,Masters,Data Analyst,Hyderabad,3,Enterprise,21.46
4,PhD,Data Analyst,Bangalore,4,Mid,33.69
10,Masters,Data Analyst,Mumbai,5,Startup,48.87
5,Bachelors,Data Analyst,Mumbai,2,Mid,22.08
17,Masters,Data Scientist,Delhi,4,Startup,69.15
20,PhD,Data Analyst,Hyderabad,3,Startup,70.93
9,Bachelors,ML Engineer,Hyderabad,3,Enterprise,46.1
3,Bachelors,ML Engineer,Bangalore,1,Mid,17.93
8,Bachelors,Data Analyst,Mumbai,4,Mid,40.16
5,Masters,ML Engineer,Bangalore,1,Enterprise,33.61
1,Masters,BI Analyst,Mumbai,2,Enterprise,21.59
16,Masters,Data Scientist,Bangalore,1,Mid,48.08
4,PhD,Data Analyst,Mumbai,2,Startup,24.57
5,Masters,Data Analyst,Bangalore,3,Startup,36.59
11,Bachelors,Data Scientist,Mumbai,1,Mid,38.25
20,Bachelors,ML Engineer,Bangalore,1,Startup,60.93
9,Bachelors,Data Scientist,Hyderabad,5,Enterprise,49.19
20,Bachelors,Data Scientist,Delhi,3,Enterprise,68.18
5,Masters,ML Engineer,Bangalore,5,Enterprise,47.22
7,PhD,Data Scientist,Delhi,2,Mid,36.2
1,Bachelors,ML Engineer,Hyderabad,2,Mid,19.91
11,Masters,ML Engineer,Hyderabad,3,Mid,50.2
12,Masters,Data Scientist,Mumbai,2,Startup,47.31
20,Bachelors,BI Analyst,Delhi,3,Mid,62.29
6,Bachelors,ML Engineer,Pune,2,Mid,28.6
9,Bachelors,Data Scientist,Mumbai,4,Enterprise,50.03
12,Bachelors,ML Engineer,Delhi,1,Startup,42.09
16,PhD,BI Analyst,Bangalore,4,Startup,70.49
20,Bachelors,BI Analyst,Bangalore,3,Enterprise,58.7
13,Bachelors,Data Analyst,Hyderabad,3,Startup,43.35
1,Masters,ML Engineer,Pune,4,Mid,33.8
10,PhD,ML Engineer,Bangalore,1,Startup,43.29
0,Bachelors,Data Scientist,Delhi,1,Enterprise,7.03
18,Bachelors,ML Engineer,Delhi,5,Startup,78.11
20,Bachelors,Data Analyst,Bangalore,2,Enterprise,57.39
3,Bachelors,BI Analyst,Delhi,5,Mid,36.3
18,Bachelors,BI Analyst,Delhi,1,Mid,50.49
20,Masters,Data Analyst,Hyderabad,4,Enterprise,68.79
10,Bachelors,ML Engineer,Pune,2,Mid,39.99
7,Bachelors,ML Engineer,Hyderabad,4,Mid,47.92
10,Masters,Data Analyst,Pune,5,Startup,51.61
3,Bachelors,Data Scientist,Delhi,3,Mid,29.62
16,Bachelors,BI Analyst,Pune,4,Enterprise,63.6
6,Bachelors,Data Analyst,Delhi,5,Mid,39.66
7,PhD,Data Analyst,Delhi,5,Startup,47.63
2,Bachelors,ML Engineer,Hyderabad,5,Enterprise,35.09
1,PhD,BI Analyst,Hyderabad,3,Mid,25.96
14,Masters,ML Engineer,Mumbai,3,Mid,63.62
4,Bachelors,Data Analyst,Bangalore,3,Mid,22.42
0,PhD,Data Scientist,Mumbai,2,Enterprise,21.66
3,Bachelors,BI Analyst,Mumbai,3,Startup,24.23
14,Bachelors,Data Analyst,Pune,3,Enterprise,44.69
19,Masters,Data Analyst,Delhi,3,Enterprise,62.44
18,Masters,Data Scientist,Delhi,4,Startup,68.15
2,Masters,Data Analyst,Delhi,3,Enterprise,26.59
19,Bachelors,Data Analyst,Bangalore,2,Enterprise,60.42
10,Bachelors,BI Analyst,Pune,5,Mid,43.87
16,Masters,BI Analyst,Pune,4,Enterprise,64.32
12,Bachelors,BI Analyst,Delhi,1,Mid,37.83
10,Bachelors,ML Engineer,Mumbai,3,Enterprise,48.24
1,Bachelors,Data Scientist,Bangalore,5,Mid,31.36
8,Bachelors,BI Analyst,Mumbai,5,Mid,47.55
1,PhD,ML Engineer,Hyderabad,4,Mid,38.91
20,Bachelors,ML Engineer,Pune,1,Startup,56.6
8,PhD,Data Scientist,Pune,2,Enterprise,40.05
8,Bachelors,Data Scientist,Mumbai,5,Enterprise,46.94
7,Masters,Data Analyst,Bangalore,5,Enterprise,43.58
16,Bachelors,ML Engineer,Pune,5,Startup,68.54
0,Bachelors,BI Analyst,Mumbai,5,Mid,26.06
10,Bachelors,Data Scientist,Bangalore,4,Enterprise,44.11
7,Bachelors,ML Engineer,Mumbai,1,Startup,32.31
9,Masters,BI Analyst,Bangalore,5,Startup,48.99
6,PhD,ML Engineer,Delhi,2,Enterprise,41.02
2,Masters,Data Scientist,Bangalore,2,Mid,20.94
2,Bachelors,Data Analyst,Hyderabad,3,Startup,19.28
17,Bachelors,ML Engineer,Delhi,5,Enterprise,69.46
4,Bachelors,BI Analyst,Mumbai,5,Mid,33.26
11,Masters,Data Scientist,Delhi,5,Startup,55.5
11,Masters,Data Analyst,Delhi,5,Startup,56.2
18,PhD,BI Analyst,Mumbai,5,Enterprise,77.84
5,Bachelors,BI Analyst,Mumbai,2,Enterprise,25.16
1,Masters,BI Analyst,Hyderabad,1,Mid,12.67
11,Bachelors,ML Engineer,Mumbai,1,Enterprise,41.36
18,Masters,Data Scientist,Pune,3,Enterprise,65.59
4,Masters,BI Analyst,Pune,2,Mid,24.69
11,Masters,ML Engineer,Hyderabad,5,Enterprise,59.98
16,Masters,Data Scientist,Bangalore,1,Mid,54.41
16,Bachelors,Data Scientist,Bangalore,4,Mid,54.7
9,Masters,ML Engineer,Pune,4,Mid,45.2
16,Bachelors,ML Engineer,Mumbai,4,Enterprise,68.48
14,Masters,BI Analyst,Hyderabad,5,Mid,61.51
11,Bachelors,Data Scientist,Bangalore,5,Enterprise,57.65
15,Masters,Data Analyst,Bangalore,3,Mid,53.68
18,PhD,ML Engineer,Delhi,3,Enterprise,76.72
7,PhD,Data Scientist,Pune,3,Mid,41.89
20,Masters,Data Scientist,Mumbai,4,Startup,76.35
16,Masters,BI Analyst,Hyderabad,5,Startup,65.56
4,Masters,Data Analyst,Bangalore,4,Startup,30.91
15,Masters,BI Analyst,Delhi,3,Mid,50.28
5,PhD,Data Analyst,Pune,5,Enterprise,45.86
7,Bachelors,Data Analyst,Pune,2,Mid,29.99
17,PhD,ML Engineer,Hyderabad,1,Mid,60.58
11,PhD,Data Scientist,Bangalore,1,Mid,39.48
14,Masters,Data Scientist,Hyderabad,3,Mid,60.35
8,Bachelors,Data Scientist,Hyderabad,4,Enterprise,43.52
12,Bachelors,Data Analyst,Delhi,2,Mid,42.91
14,PhD,Data Scientist,Pune,5,Startup,68.09
9,Bachelors,ML Engineer,Mumbai,4,Startup,45.33
15,PhD,Data Analyst,Pune,3,Startup,61.48
6,Bachelors,Data Analyst,Pune,4,Mid,36.75
16,Bachelors,Data Analyst,Delhi,3,Enterprise,54.36
20,PhD,Data Analyst,Mumbai,1,Enterprise,62.8
6,Masters,ML Engineer,Bangalore,1,Enterprise,33.35
13,Masters,Data Scientist,Mumbai,4,Mid,60.18
14,Masters,ML Engineer,Bangalore,2,Enterprise,49.47
20,Bachelors,Data Scientist,Mumbai,5,Startup,72.03
6,Masters,ML Engineer,Hyderabad,3,Enterprise,42.1
8,Bachelors,BI Analyst,Mumbai,5,Mid,42.61
18,PhD,BI Analyst,Delhi,1,Mid,53.55
15,PhD,BI Analyst,Bangalore,2,Enterprise,55.12
7,Bachelors,BI Analyst,Pune,2,Mid,25.56
17,Masters,Data Analyst,Delhi,5,Enterprise,67.86
17,Masters,Data Analyst,Bangalore,1,Enterprise,53.86
19,Bachelors,ML Engineer,Bangalore,5,Startup,72.56
6,PhD,ML Engineer,Pune,4,Mid,43.3
2,Bachelors,BI Analyst,Hyderabad,2,Startup,11.97
17,Bachelors,Data Scientist,Delhi,2,Mid,53.22
9,Masters,BI Analyst,Pune,4,Enterprise,45.85
6,Masters,ML Engineer,Pune,1,Mid,29.04
16,Masters,BI Analyst,Hyderabad,2,Enterprise,57.91
13,Masters,ML Engineer,Delhi,3,Mid,58.07
2,Masters,BI Analyst,Pune,3,Startup,24.24
11,Masters,Data Scientist,Hyderabad,1,Startup,43.7
12,Bachelors,BI Analyst,Delhi,4,Enterprise,45.81
1,Bachelors,Data Scientist,Mumbai,5,Startup,33.5
2,Bachelors,Data Scientist,Bangalore,1,Enterprise,14.59
4,Bachelors,ML Engineer,Hyderabad,5,Enterprise,39.73
10,Masters,Data Scientist,Bangalore,1,Enterprise,39.33
7,Bachelors,Data Analyst,Mumbai,3,Mid,32.06
11,Bachelors,Data Analyst,Pune,4,Enterprise,47.95
6,Bachelors,Data Analyst,Pune,3,Startup,30.6
14,PhD,ML Engineer,Delhi,4,Mid,67.52
16,PhD,Data Analyst,Hyderabad,5,Startup,68.38
3,Masters,ML Engineer,Hyderabad,1,Enterprise,26.48
12,PhD,ML Engineer,Delhi,2,Enterprise,46.67
17,Masters,Data Analyst,Bangalore,2,Startup,57.72
0,Masters,Data Scientist,Pune,4,Mid,21.33
15,Bachelors,BI Analyst,Pune,4,Startup,54.74
12,Masters,ML Engineer,Hyderabad,3,Enterprise,55.87
9,Masters,Data Analyst,Hyderabad,2,Mid,30.56
11,Masters,ML Engineer,Delhi,3,Enterprise,52.4
1,Masters,Data Scientist,Mumbai,5,Enterprise,29.79
2,Masters,Data Scientist,Bangalore,2,Startup,19.89
9,Masters,Data Analyst,Mumbai,5,Enterprise,47.05
1,PhD,ML Engineer,Mumbai,1,Startup,17.87
12,Bachelors,BI Analyst,Hyderabad,3,Mid,40.11
12,Masters,BI Analyst,Hyderabad,4,Enterprise,59.01
17,Bachelors,ML Engineer,Hyderabad,2,Enterprise,58.25
2,Masters,ML Engineer,Mumbai,3,Mid,26.59
6,Masters,ML Engineer,Bangalore,4,Startup,42.71
13,Bachelors,Data Analyst,Hyderabad,1,Enterprise,38.81
19,Masters,Data Scientist,Pune,2,Mid,62.46
16,Bachelors,BI Analyst,Bangalore,5,Enterprise,60.1
20,Masters,Data Analyst,Pune,1,Startup,55.8
11,Bachelors,ML Engineer,Bangalore,4,Startup,56.96
15,Masters,ML Engineer,Hyderabad,2,Startup,52.79
11,Bachelors,Data Scientist,Delhi,2,Startup,35.41
14,Masters,ML Engineer,Hyderabad,1,Mid,48.94
9,Bachelors,Data Analyst,Mumbai,2,Enterprise,27.8
6,PhD,Data Analyst,Mumbai,4,Mid,38.67
19,PhD,Data Scientist,Bangalore,1,Startup,58.34
4,PhD,Data Analyst,Mumbai,5,Startup,37.37
0,Masters,BI Analyst,Hyderabad,1,Startup,10.71
16,Masters,Data Analyst,Pune,1,Startup,49.67
2,Bachelors,Data Analyst,Hyderabad,5,Enterprise,27.88
12,Bachelors,Data Analyst,Bangalore,4,Startup,49.52
13,Bachelors,BI Analyst,Mumbai,3,Enterprise,45.13
17,Masters,ML Engineer,Pune,3,Startup,67.5
3,PhD,Data Analyst,Delhi,5,Enterprise,34.27
17,Bachelors,Data Scientist,Pune,4,Enterprise,65.3
4,PhD,BI Analyst,Pune,2,Startup,28.32
15,Masters,Data Scientist,Hyderabad,5,Mid,74.51
0,Masters,Data Analyst,Delhi,3,Mid,14.24
20,Bachelors,Data Scientist,Bangalore,4,Mid,79.97
13,Bachelors,Data Analyst,Bangalore,1,Mid,40.97
14,Masters,BI Analyst,Pune,4,Mid,63.08
8,Masters,Data Scientist,Pune,4,Startup,48.92
14,Bachelors,Data Scientist,Mumbai,3,Startup,50.27
16,Masters,Data Analyst,Delhi,3,Startup,59.87
3,PhD,Data Analyst,Pune,2,Startup,23.2
11,Masters,ML Engineer,Mumbai,2,Startup,47.14
4,PhD,Data Analyst,Delhi,5,Startup,37.58
4,Bachelors,Data Analyst,Bangalore,1,Enterprise,15.06
10,Bachelors,ML Engineer,Mumbai,2,Enterprise,44.69
5,Masters,Data Analyst,Delhi,3,Startup,32.81
6,Bachelors,Data Analyst,Mumbai,4,Startup,38.47
13,Bachelors,ML Engineer,Pune,5,Enterprise,58.51
10,Bachelors,BI Analyst,Hyderabad,2,Enterprise,30.39
12,Bachelors,BI Analyst,Bangalore,4,Startup,53.11
1,Bachelors,Data Analyst,Pune,4,Enterprise,26.48
6,Bachelors,Data Analyst,Pune,2,Mid,27.03
19,Bachelors,ML Engineer,Delhi,1,Mid,60.36
3,Bachelors,ML Engineer,Mumbai,1,Mid,23.3
7,Masters,BI Analyst,Bangalore,5,Enterprise,45.84
19,Masters,Data Scientist,Pune,1,Startup,60.71
20,Masters,Data Analyst,Delhi,5,Startup,78.94
18,Bachelors,Data Scientist,Bangalore,3,Startup,62.42
12,Bachelors,Data Scientist,Mumbai,2,Enterprise,42.76
13,Masters,ML Engineer,Pune,4,Enterprise,62.35
9,Masters,Data Analyst,Pune,5,Mid,56.89
10,Masters,Data Analyst,Pune,1,Enterprise,31.96
1,Bachelors,ML Engineer,Bangalore,5,Mid,32.61
8,PhD,Data Scientist,Bangalore,5,Mid,48.43
16,Bachelors,ML Engineer,Bangalore,1,Startup,53.2
2,Bachelors,BI Analyst,Bangalore,1,Enterprise,10.71
5,Masters,Data Analyst,Delhi,2,Startup,22.8
4,Masters,BI Analyst,Hyderabad,4,Startup,33.41
4,Bachelors,ML Engineer,Delhi,2,Enterprise,32.08
14,Bachelors,Data Analyst,Pune,2,Enterprise,44.54
16,Masters,BI Analyst,Delhi,1,Mid,48.12
8,Bachelors,BI Analyst,Mumbai,1,Mid,31.07
2,Bachelors,Data Scientist,Bangalore,4,Mid,28.78
19,Bachelors,Data Analyst,Mumbai,5,Mid,67.48
16,Masters,BI Analyst,Mumbai,2,Startup,55.47
9,Bachelors,BI Analyst,Pune,4,Startup,45.97
2,PhD,Data Scientist,Bangalore,2,Enterprise,25.2
17,Masters,BI Analyst,Mumbai,5,Mid,69.69
17,PhD,BI Analyst,Pune,2,Mid,54.87
16,PhD,BI Analyst,Bangalore,3,Mid,58.29
2,Bachelors,Data Scientist,Hyderabad,4,Startup,27.8
2,Bachelors,BI Analyst,Pune,1,Enterprise,12.53
5,Bachelors,BI Analyst,Delhi,2,Startup,22.14
12,Bachelors,Data Analyst,Bangalore,4,Enterprise,48.69
14,Masters,Data Analyst,Mumbai,4,Enterprise,57.23
8,Bachelors,Data Scientist,Mumbai,2,Startup,31.21
3,Bachelors,ML Engineer,Delhi,1,Startup,19.89
13,Bachelors,Data Analyst,Delhi,1,Enterprise,42.17
4,PhD,Data Scientist,Mumbai,2,Startup,28.81
1,Bachelors,BI Analyst,Bangalore,4,Startup,20.7
10,Bachelors,BI Analyst,Pune,1,Enterprise,37.76
8,Bachelors,Data Scientist,Delhi,2,Enterprise,34.88
2,PhD,BI Analyst,Delhi,2,Mid,20.48
8,Masters,BI Analyst,Delhi,2,Startup,36.13
2,Bachelors,ML Engineer,Hyderabad,4,Enterprise,32.57
1,Bachelors,BI Analyst,Bangalore,1,Startup,8.19
11,Bachelors,Data Analyst,Bangalore,4,Startup,47.25
9,Bachelors,BI Analyst,Bangalore,3,Enterprise,37.23
8,PhD,Data Scientist,Bangalore,1,Mid,38.67
14,Masters,ML Engineer,Bangalore,4,Enterprise,65.64
7,Bachelors,BI Analyst,Mumbai,1,Enterprise,17.87
4,PhD,Data Scientist,Delhi,3,Startup,40.81
10,Bachelors,Data Analyst,Mumbai,5,Mid,48.64
1,Masters,BI Analyst,Hyderabad,2,Enterprise,22.57
14,PhD,ML Engineer,Pune,4,Startup,68.75
5,Bachelors,BI Analyst,Delhi,3,Enterprise,29.24
7,Masters,Data Scientist,Hyderabad,3,Startup,39.02
4,Bachelors,ML Engineer,Mumbai,1,Enterprise,31.38
15,Bachelors,BI Analyst,Pune,1,Mid,42.69
17,Bachelors,Data Analyst,Hyderabad,2,Enterprise,50.79
5,Bachelors,ML Engineer,Pune,1,Startup,23.76
4,Masters,Data Analyst,Hyderabad,4,Enterprise,33.6
15,PhD,Data Scientist,Mumbai,4,Mid,66
12,Masters,BI Analyst,Pune,4,Mid,55.81
4,PhD,Data Analyst,Hyderabad,5,Mid,43.37
12,Masters,Data Scientist,Mumbai,4,Mid,58.08
16,Bachelors,BI Analyst,Delhi,1,Startup,45.22
17,Bachelors,Data Scientist,Mumbai,1,Enterprise,53.33
7,Bachelors,Data Analyst,Mumbai,4,Mid,40.14
12,Masters,Data Scientist,Delhi,3,Enterprise,51.06
18,PhD,ML Engineer,Mumbai,3,Startup,72.54
2,Bachelors,BI Analyst,Delhi,3,Enterprise,23.64
7,Masters,Data Scientist,Delhi,2,Enterprise,35.43
1,Masters,Data Analyst,Delhi,5,Mid,31.82
7,Masters,BI Analyst,Hyderabad,4,Mid,45.02
12,Bachelors,ML Engineer,Pune,2,Startup,47.46
12,Bachelors,BI Analyst,Hyderabad,3,Enterprise,43.48
0,Bachelors,ML Engineer,Delhi,4,Startup,22.96
5,Bachelors,BI Analyst,Pune,2,Startup,24.34
18,Bachelors,Data Scientist,Pune,1,Startup,52.71
15,Masters,Data Scientist,Delhi,3,Mid,60.92
7,Bachelors,Data Analyst,Pune,2,Mid,33.53
0,PhD,ML Engineer,Pune,1,Enterprise,16.41
15,Masters,Data Analyst,Hyderabad,3,Enterprise,52.84
8,Masters,Data Scientist,Pune,5,Enterprise,50.63
12,Bachelors,ML Engineer,Delhi,3,Mid,48.9
10,Masters,Data Analyst,Bangalore,5,Mid,51.83
12,PhD,Data Analyst,Bangalore,5,Startup,58.69
20,Bachelors,Data Analyst,Bangalore,5,Mid,70.48
9,Bachelors,Data Analyst,Delhi,4,Startup,45.08
3,Masters,Data Analyst,Bangalore,4,Startup,31.43
5,Bachelors,ML Engineer,Hyderabad,5,Mid,48.99
6,Bachelors,Data Analyst,Delhi,1,Startup,22.98
4,Bachelors,ML Engineer,Delhi,5,Startup,44.97
10,Bachelors,Data Analyst,Delhi,2,Enterprise,33.81
12,Masters,Data Scientist,Pune,5,Startup,58.08
18,Bachelors,Data Scientist,Pune,4,Mid,73.86
9,PhD,Data Analyst,Pune,4,Mid,46.77
9,Masters,BI Analyst,Mumbai,2,Startup,33.75
10,Masters,Data Scientist,Hyderabad,2,Enterprise,38.49
20,Masters,ML Engineer,Delhi,3,Mid,79.25
6,PhD,Data Analyst,Delhi,1,Mid,27.08
17,Bachelors,ML Engineer,Pune,1,Enterprise,55.51
3,PhD,BI Analyst,Delhi,1,Startup,21.15
1,Masters,Data Analyst,Delhi,4,Mid,24.23
13,Masters,Data Scientist,Bangalore,1,Startup,43.81
12,Masters,ML Engineer,Delhi,3,Startup,56.84
11,Bachelors,Data Scientist,Mumbai,3,Startup,42.22
6,Bachelors,Data Scientist,Pune,1,Startup,26.92
1,Masters,Data Analyst,Hyderabad,2,Mid,21.7
12,Bachelors,ML Engineer,Hyderabad,3,Enterprise,52.18
13,Masters,BI Analyst,Bangalore,2,Mid,50.2
16,Bachelors,Data Scientist,Hyderabad,4,Enterprise,58.29
8,Bachelors,Data Analyst,Hyderabad,3,Startup,30.21
16,Bachelors,Data Analyst,Pune,2,Enterprise,51.13
7,Bachelors,BI Analyst,Pune,1,Startup,22.54
1,Masters,Data Analyst,Mumbai,4,Mid,29.04
12,Bachelors,Data Scientist,Bangalore,5,Mid,56.37
2,PhD,Data Analyst,Hyderabad,5,Enterprise,36.74
15,Masters,ML Engineer,Mumbai,1,Startup,52.74
5,Bachelors,ML Engineer,Bangalore,4,Startup,39.34
18,Masters,Data Scientist,Hyderabad,4,Enterprise,68.57
6,PhD,ML Engineer,Hyderabad,4,Startup,43.31
9,Masters,BI Analyst,Pune,4,Startup,44.94
8,Bachelors,Data Analyst,Delhi,5,Startup,49.05
1,PhD,Data Scientist,Bangalore,2,Mid,21.57
14,Masters,BI Analyst,Hyderabad,4,Mid,55.76
4,Bachelors,Data Analyst,Bangalore,2,Mid,22.07
3,Bachelors,BI Analyst,Mumbai,4,Startup,24.67
19,Masters,Data Scientist,Mumbai,3,Mid,71.11
3,Bachelors,Data Scientist,Delhi,3,Startup,23.45
17,Masters,BI Analyst,Hyderabad,3,Startup,59.43
3,Bachelors,Data Analyst,Pune,4,Enterprise,35.82
16,PhD,ML Engineer,Hyderabad,2,Startup,58.97
11,Masters,ML Engineer,Bangalore,5,Mid,65.32
16,Bachelors,BI Analyst,Mumbai,1,Mid,46.26
9,Bachelors,Data Scientist,Bangalore,5,Startup,50.89
0,Masters,Data Analyst,Delhi,4,Mid,21.57
17,Masters,Data Analyst,Mumbai,3,Startup,62.7
17,Masters,Data Scientist,Pune,3,Enterprise,62.2
13,Bachelors,ML Engineer,Mumbai,2,Startup,45.76
14,Bachelors,Data Analyst,Hyderabad,4,Startup,58.97
11,Bachelors,BI Analyst,Hyderabad,5,Enterprise,50.74
3,Masters,ML Engineer,Mumbai,4,Mid,31.62
2,Bachelors,BI Analyst,Delhi,4,Enterprise,24.99
19,Bachelors,ML Engineer,Hyderabad,3,Enterprise,70.52
11,Masters,Data Scientist,Hyderabad,5,Startup,59.85
6,PhD,BI Analyst,Pune,1,Startup,25.98
10,Bachelors,BI Analyst,Mumbai,3,Enterprise,37.57
0,Bachelors,Data Scientist,Hyderabad,5,Mid,24.4
5,Masters,BI Analyst,Delhi,2,Enterprise,26.93
14,Masters,ML Engineer,Bangalore,3,Mid,59.55
14,Bachelors,Data Analyst,Mumbai,2,Enterprise,47.73
18,PhD,Data Analyst,Pune,3,Enterprise,65.25
10,Masters,Data Scientist,Hyderabad,4,Mid,50.46
1,Bachelors,ML Engineer,Delhi,5,Enterprise,33.06
13,Bachelors,BI Analyst,Mumbai,2,Startup,43.66
1,Masters,BI Analyst,Delhi,3,Enterprise,21.5
3,Masters,Data Analyst,Delhi,2,Startup,25.02
16,Bachelors,BI Analyst,Pune,3,Mid,55.83
2,Masters,Data Analyst,Mumbai,3,Mid,24.62
12,Masters,Data Scientist,Hyderabad,1,Startup,42.17
8,Bachelors,BI Analyst,Pune,1,Enterprise,23.87
6,Masters,ML Engineer,Hyderabad,1,Startup,30.9
14,PhD,BI Analyst,Bangalore,2,Startup,49.66
10,Bachelors,Data Analyst,Delhi,4,Mid,46.04
19,Bachelors,Data Scientist,Bangalore,3,Startup,64.47
1,Bachelors,Data Analyst,Delhi,5,Enterprise,32.89
14,PhD,BI Analyst,Pune,1,Startup,43.31
13,PhD,Data Analyst,Hyderabad,2,Mid,39.9
19,Bachelors,Data Analyst,Hyderabad,2,Enterprise,58.4
10,Masters,Data Scientist,Pune,2,Mid,40.07
2,Masters,ML Engineer,Mumbai,5,Startup,39.78
16,Masters,BI Analyst,Bangalore,5,Startup,63.19
11,Bachelors,Data Scientist,Bangalore,1,Mid,42.63
20,Bachelors,ML Engineer,Hyderabad,5,Mid,78.34
14,Bachelors,Data Analyst,Hyderabad,1,Enterprise,38.98
15,Masters,ML Engineer,Hyderabad,5,Mid,76.17
4,Bachelors,Data Analyst,Pune,5,Mid,37.62
19,PhD,Data Analyst,Mumbai,5,Startup,81.27
5,Bachelors,Data Scientist,Bangalore,1,Startup,21.98
18,Bachelors,Data Analyst,Delhi,3,Mid,59.84
4,Masters,Data Scientist,Pune,1,Mid,21.31
2,Masters,ML Engineer,Bangalore,3,Startup,28.16
0,Bachelors,ML Engineer,Mumbai,2,Enterprise,19.19
5,Bachelors,Data Analyst,Pune,2,Enterprise,22.89
14,PhD,Data Scientist,Bangalore,1,Enterprise,56.76
1,Bachelors,Data Analyst,Pune,3,Enterprise,21.43
2,Bachelors,Data Scientist,Bangalore,3,Startup,29.95
16,Masters,Data Scientist,Bangalore,3,Mid,54.21
11,Bachelors,Data Scientist,Mumbai,2,Enterprise,47.09
17,Bachelors,ML Engineer,Delhi,1,Startup,47.15
14,Bachelors,Data Scientist,Mumbai,4,Mid,53.82
11,Bachelors,ML Engineer,Bangalore,3,Enterprise,43.64
15,Bachelors,Data Scientist,Pune,3,Mid,56.23
7,Bachelors,ML Engineer,Mumbai,4,Enterprise,43.75
13,Bachelors,BI Analyst,Delhi,1,Mid,41.08
16,Bachelors,ML Engineer,Bangalore,3,Enterprise,60.63
20,Masters,ML Engineer,Mumbai,1,Enterprise,68.18
7,Bachelors,Data Analyst,Mumbai,3,Mid,30.5
14,Bachelors,Data Scientist,Mumbai,5,Mid,65.84
13,PhD,BI Analyst,Mumbai,3,Mid,53.61
17,Masters,Data Analyst,Pune,5,Startup,76.37
19,Bachelors,Data Scientist,Delhi,1,Startup,58.72
6,PhD,BI Analyst,Delhi,3,Mid,35.99
2,Bachelors,BI Analyst,Bangalore,2,Startup,16.7
11,Bachelors,BI Analyst,Hyderabad,2,Enterprise,35.37
20,Masters,Data Scientist,Pune,4,Mid,76.08
2,Masters,BI Analyst,Bangalore,2,Startup,18.89
19,Bachelors,BI Analyst,Bangalore,5,Mid,73.27
13,Bachelors,Data Analyst,Mumbai,2,Enterprise,39.19
14,Masters,ML Engineer,Hyderabad,2,Enterprise,53.61
13,Bachelors,Data Scientist,Hyderabad,2,Startup,42.72
6,PhD,ML Engineer,Pune,3,Enterprise,39.61
16,Bachelors,Data Analyst,Hyderabad,4,Mid,61.22
11,PhD,ML Engineer,Bangalore,1,Startup,49.27
19,Masters,BI Analyst,Hyderabad,4,Mid,62.6
3,Masters,BI Analyst,Hyderabad,5,Mid,41.29
8,Masters,Data Scientist,Delhi,3,Mid,45.91
5,Masters,Data Scientist,Bangalore,3,Enterprise,30.46
15,Bachelors,Data Scientist,Hyderabad,2,Mid,53.48
20,Bachelors,Data Analyst,Hyderabad,2,Enterprise,58.62
20,Bachelors,Data Scientist,Mumbai,5,Mid,76.21
1,PhD,Data Analyst,Hyderabad,3,Enterprise,26.71
7,Masters,BI Analyst,Hyderabad,1,Enterprise,28.74
10,Bachelors,ML Engineer,Delhi,4,Enterprise,49.28
12,Bachelors,BI Analyst,Bangalore,3,Mid,43.57
16,Bachelors,BI Analyst,Pune,1,Mid,44.35
7,Masters,BI Analyst,Bangalore,1,Enterprise,30.73
20,Bachelors,Data Scientist,Mumbai,4,Mid,66.41
17,Masters,Data Scientist,Bangalore,1,Enterprise,53.81
17,PhD,Data Scientist,Hyderabad,5,Mid,80.02
13,Bachelors,ML Engineer,Mumbai,1,Enterprise,46.81
14,Bachelors,Data Scientist,Bangalore,5,Enterprise,65.25
5,Bachelors,Data Analyst,Mumbai,1,Startup,19.06
10,Bachelors,BI Analyst,Pune,2,Mid,32.51
12,Bachelors,ML Engineer,Bangalore,1,Mid,42.47
0,Bachelors,ML Engineer,Hyderabad,5,Startup,29.43
5,PhD,ML Engineer,Mumbai,1,Enterprise,38.19
8,Bachelors,ML Engineer,Delhi,1,Enterprise,32.23
7,Bachelors,ML Engineer,Mumbai,1,Startup,32.21
10,PhD,Data Analyst,Delhi,5,Startup,60.61
18,Masters,BI Analyst,Hyderabad,1,Enterprise,50.41
8,Bachelors,ML Engineer,Pune,4,Mid,39.36
16,Masters,BI Analyst,Delhi,4,Startup,63.87
11,Bachelors,Data Scientist,Pune,5,Startup,56.93
13,Masters,ML Engineer,Mumbai,2,Startup,50.96
14,Masters,ML Engineer,Hyderabad,4,Startup,60.13
15,Masters,BI Analyst,Delhi,3,Startup,56.43
19,Bachelors,ML Engineer,Mumbai,4,Startup,72.53
0,Masters,ML Engineer,Bangalore,3,Enterprise,26.47
9,Bachelors,ML Engineer,Mumbai,5,Enterprise,49.7
7,Bachelors,Data Analyst,Pune,2,Startup,29.77
17,Bachelors,Data Analyst,Hyderabad,3,Enterprise,59.76
0,Bachelors,ML Engineer,Hyderabad,3,Mid,17.98
1,Bachelors,Data Analyst,Mumbai,4,Mid,27.78
0,Masters,Data Scientist,Bangalore,3,Startup,23.26
0,PhD,ML Engineer,Pune,5,Mid,40.05
8,Bachelors,Data Scientist,Mumbai,5,Mid,43.86
12,Bachelors,BI Analyst,Mumbai,5,Enterprise,56.35
0,Bachelors,Data Scientist,Hyderabad,4,Enterprise,19.07
12,Bachelors,BI Analyst,Pune,2,Enterprise,37.96
19,Bachelors,ML Engineer,Bangalore,4,Enterprise,73.39
6,PhD,BI Analyst,Hyderabad,5,Mid,45.07
1,Bachelors,BI Analyst,Mumbai,4,Startup,23.48
5,Bachelors,Data Scientist,Hyderabad,5,Enterprise,46.28
6,Bachelors,Data Scientist,Hyderabad,1,Mid,24.94
13,PhD,Data Scientist,Delhi,1,Enterprise,49.83
17,Masters,ML Engineer,Hyderabad,3,Mid,66.1
14,PhD,ML Engineer,Hyderabad,2,Enterprise,57.31
1,Masters,Data Scientist,Pune,1,Startup,12.97
9,Bachelors,ML Engineer,Hyderabad,5,Enterprise,54.2
11,Bachelors,ML Engineer,Bangalore,4,Startup,61.01
16,Masters,BI Analyst,Mumbai,4,Enterprise,62.66
7,Bachelors,BI Analyst,Pune,3,Enterprise,32.5
10,Masters,Data Scientist,Hyderabad,4,Enterprise,54.42
2,Bachelors,ML Engineer,Bangalore,1,Mid,21.37
5,Bachelors,BI Analyst,Mumbai,4,Mid,34.32
8,Masters,Data Analyst,Pune,1,Startup,28.77
5,Masters,ML Engineer,Bangalore,1,Startup,31.93
8,Masters,Data Analyst,Hyderabad,2,Mid,34.56
6,Bachelors,Data Scientist,Delhi,3,Startup,36.64
8,Masters,ML Engineer,Delhi,5,Startup,51.24
17,Bachelors,Data Scientist,Pune,1,Mid,49.54
11,Bachelors,Data Scientist,Bangalore,3,Mid,46.19
7,Bachelors,Data Scientist,Mumbai,5,Mid,41.59
7,Bachelors,Data Scientist,Bangalore,4,Mid,39.69
17,Bachelors,Data Scientist,Delhi,3,Enterprise,56.46
19,Bachelors,ML Engineer,Pune,3,Mid,63.47
14,Bachelors,Data Analyst,Hyderabad,3,Startup,57.41
6,Bachelors,ML Engineer,Bangalore,4,Enterprise,39.57
10,Bachelors,ML Engineer,Delhi,4,Enterprise,49.44
19,Bachelors,ML Engineer,Mumbai,3,Startup,68.34
15,Bachelors,BI Analyst,Pune,2,Enterprise,44.81
3,Masters,BI Analyst,Hyderabad,1,Startup,16.19
5,Bachelors,ML Engineer,Bangalore,4,Enterprise,44.5
2,Bachelors,Data Analyst,Mumbai,2,Enterprise,17.87
8,Bachelors,ML Engineer,Hyderabad,4,Startup,49.16
9,Masters,Data Scientist,Delhi,3,Startup,48.82
13,PhD,BI Analyst,Delhi,2,Startup,49.83
10,Masters,BI Analyst,Mumbai,5,Startup,51.84
17,Masters,ML Engineer,Delhi,1,Mid,53
11,Bachelors,ML Engineer,Pune,1,Mid,38.75
11,Masters,Data Analyst,Mumbai,4,Startup,49.91
12,Masters,Data Analyst,Delhi,1,Mid,36.88
12,Bachelors,Data Scientist,Bangalore,5,Startup,61.94
18,Bachelors,ML Engineer,Delhi,2,Startup,64.51
18,Bachelors,ML Engineer,Pune,2,Enterprise,64.16
13,PhD,ML Engineer,Hyderabad,3,Startup,59.35
3,Masters,BI Analyst,Hyderabad,2,Startup,19.1
12,Masters,Data Scientist,Delhi,4,Startup,59.78
7,Bachelors,Data Analyst,Hyderabad,5,Startup,43.31
20,Bachelors,BI Analyst,Delhi,3,Enterprise,66.82
18,Bachelors,BI Analyst,Pune,4,Startup,66.06
11,Bachelors,BI Analyst,Hyderabad,4,Enterprise,48.33
17,Masters,BI Analyst,Bangalore,4,Startup,70.8
5,Masters,Data Scientist,Delhi,1,Enterprise,23.53
17,Bachelors,ML Engineer,Hyderabad,4,Mid,66.87
18,Masters,Data Analyst,Pune,1,Enterprise,58.62
4,Bachelors,Data Analyst,Pune,2,Enterprise,21.85
8,PhD,BI Analyst,Bangalore,1,Startup,32.32
2,Bachelors,BI Analyst,Pune,4,Enterprise,25.04
9,Bachelors,Data Scientist,Pune,5,Enterprise,52.14
18,Bachelors,BI Analyst,Hyderabad,5,Startup,68.01
2,Bachelors,Data Analyst,Delhi,2,Mid,15.78
14,Bachelors,Data Analyst,Mumbai,4,Mid,56.59
0,Masters,ML Engineer,Pune,1,Mid,16.78
6,PhD,ML Engineer,Pune,5,Enterprise,48.87
11,Masters,Data Analyst,Mumbai,3,Startup,46
16,Bachelors,Data Analyst,Pune,4,Mid,63.58
20,Masters,Data Scientist,Hyderabad,4,Mid,77.3
19,Bachelors,Data Scientist,Hyderabad,3,Mid,69.65
4,Bachelors,Data Analyst,Mumbai,5,Mid,32.91
3,Masters,BI Analyst,Pune,3,Startup,29.91
11,Masters,ML Engineer,Pune,2,Mid,45.45
19,Bachelors,Data Analyst,Delhi,1,Enterprise,49.4
17,Bachelors,BI Analyst,Pune,1,Enterprise,45.89
16,PhD,Data Analyst,Hyderabad,5,Startup,70.29
18,Bachelors,ML Engineer,Bangalore,3,Mid,68.78
8,Bachelors,ML Engineer,Bangalore,4,Mid,47.13
3,Masters,Data Scientist,Bangalore,4,Enterprise,33.74
20,Bachelors,Data Scientist,Bangalore,4,Startup,68.9
1,Bachelors,Data Scientist,Pune,2,Enterprise,19.52
3,Bachelors,Data Scientist,Pune,2,Startup,25.09
1,Masters,ML Engineer,Delhi,4,Startup,33.29
14,Masters,BI Analyst,Pune,5,Startup,58.94
1,Masters,BI Analyst,Bangalore,2,Enterprise,19.83
3,PhD,BI Analyst,Mumbai,2,Startup,28.88
5,Masters,Data Analyst,Mumbai,1,Enterprise,27.1
6,Bachelors,Data Scientist,Hyderabad,1,Enterprise,23.59
9,Bachelors,Data Scientist,Hyderabad,5,Mid,51.41
18,Masters,ML Engineer,Pune,2,Enterprise,62.6
18,Masters,ML Engineer,Mumbai,2,Enterprise,61.43
11,Masters,Data Analyst,Bangalore,3,Mid,50.65
2,Masters,Data Analyst,Bangalore,5,Mid,34.99
12,Bachelors,BI Analyst,Bangalore,5,Mid,58.18
17,Bachelors,ML Engineer,Pune,3,Startup,59.63
7,Bachelors,Data Scientist,Pune,3,Startup,37.17
20,Bachelors,BI Analyst,Delhi,1,Mid,57.02
14,Bachelors,Data Scientist,Bangalore,5,Startup,59.6
0,Masters,BI Analyst,Bangalore,5,Mid,32.96
2,Masters,Data Scientist,Pune,3,Startup,26.56
7,Bachelors,Data Analyst,Pune,4,Enterprise,39.16
3,Bachelors,BI Analyst,Delhi,4,Startup,26.55
15,Bachelors,Data Scientist,Delhi,1,Startup,42.92
9,Bachelors,Data Scientist,Hyderabad,4,Enterprise,48.34
11,Masters,ML Engineer,Mumbai,4,Mid,57.54
13,Masters,BI Analyst,Bangalore,4,Startup,55.91
13,Masters,Data Scientist,Bangalore,2,Startup,48.37
1,Masters,ML Engineer,Delhi,1,Enterprise,19.96
4,Masters,Data Scientist,Delhi,3,Enterprise,35.9
4,Bachelors,BI Analyst,Hyderabad,4,Enterprise,28.55
5,Bachelors,Data Analyst,Mumbai,2,Enterprise,25.68
12,Bachelors,BI Analyst,Hyderabad,4,Mid,50.41
8,PhD,BI Analyst,Mumbai,2,Startup,36.65
14,Bachelors,Data Scientist,Bangalore,1,Startup,39.16
13,Bachelors,Data Scientist,Hyderabad,4,Startup,55.16
6,PhD,BI Analyst,Delhi,2,Startup,34.42
19,PhD,ML Engineer,Hyderabad,5,Mid,84.07
1,Masters,ML Engineer,Hyderabad,5,Startup,32.58
6,Bachelors,ML Engineer,Bangalore,2,Mid,36.14
5,Bachelors,Data Scientist,Delhi,4,Mid,40.94
16,Bachelors,Data Scientist,Delhi,4,Enterprise,62.07
1,Bachelors,BI Analyst,Pune,1,Enterprise,16.83
2,Bachelors,Data Analyst,Pune,1,Startup,9.81
4,Bachelors,Data Scientist,Pune,3,Mid,25.28
4,PhD,BI Analyst,Bangalore,1,Enterprise,20.06
0,Bachelors,BI Analyst,Hyderabad,4,Mid,21.74
7,Masters,Data Analyst,Delhi,3,Enterprise,30.96
11,Masters,ML Engineer,Delhi,1,Mid,41.97
3,Bachelors,BI Analyst,Hyderabad,2,Startup,28
12,Masters,BI Analyst,Delhi,5,Startup,52.79
14,Bachelors,BI Analyst,Hyderabad,1,Mid,39.46
10,Bachelors,ML Engineer,Bangalore,1,Enterprise,34.39
9,Masters,ML Engineer,Bangalore,2,Enterprise,41.75
2,Bachelors,Data Analyst,Bangalore,4,Startup,24.76
13,PhD,Data Scientist,Hyderabad,2,Startup,50.19
15,Bachelors,ML Engineer,Hyderabad,1,Startup,49.03
9,Masters,Data Scientist,Mumbai,4,Enterprise,50.5
9,Bachelors,Data Scientist,Delhi,3,Enterprise,45.26
11,Bachelors,ML Engineer,Delhi,1,Startup,39.05
8,Bachelors,BI Analyst,Mumbai,2,Mid,31.22
0,Masters,Data Analyst,Mumbai,3,Enterprise,20.89
4,Masters,Data Scientist,Bangalore,5,Startup,37.39
19,Masters,BI Analyst,Mumbai,3,Mid,64.64
7,Bachelors,ML Engineer,Hyderabad,2,Enterprise,33.28
10,Masters,Data Scientist,Pune,3,Mid,49.36
11,Masters,Data Scientist,Hyderabad,2,Mid,49.66
0,Masters,Data Scientist,Mumbai,1,Enterprise,11.17
19,Bachelors,BI Analyst,Delhi,4,Startup,70.44
10,Masters,BI Analyst,Hyderabad,5,Mid,48.12
4,Masters,BI Analyst,Delhi,4,Startup,34.2
14,Bachelors,Data Scientist,Hyderabad,4,Enterprise,58.38
4,Masters,Data Scientist,Delhi,4,Mid,32.15
11,Masters,Data Analyst,Hyderabad,2,Mid,38.91
4,Bachelors,Data Analyst,Delhi,2,Mid,18.82
16,Bachelors,BI Analyst,Pune,5,Mid,59.97
16,Bachelors,BI Analyst,Bangalore,2,Mid,42.4
11,Masters,ML Engineer,Hyderabad,2,Enterprise,46.78
14,Masters,BI Analyst,Pune,2,Mid,48.34
14,Bachelors,Data Analyst,Bangalore,2,Enterprise,45.32
5,Masters,Data Analyst,Hyderabad,1,Startup,24.8
11,PhD,Data Analyst,Pune,5,Enterprise,52.09
19,Bachelors,Data Scientist,Pune,2,Mid,59.46
17,PhD,Data Scientist,Pune,5,Startup,82.98
13,PhD,BI Analyst,Mumbai,3,Enterprise,56.36
1,Masters,ML Engineer,Delhi,1,Enterprise,21.58
8,Masters,ML Engineer,Bangalore,2,Enterprise,37.15
4,PhD,ML Engineer,Delhi,1,Mid,28.51
19,Masters,Data Scientist,Delhi,1,Mid,52.2
0,Bachelors,Data Analyst,Delhi,3,Enterprise,18.26
2,Masters,Data Analyst,Pune,5,Enterprise,37.5
5,Masters,Data Scientist,Delhi,1,Startup,21.15
4,Masters,ML Engineer,Mumbai,4,Mid,36.12
20,Bachelors,ML Engineer,Hyderabad,3,Mid,70.4
4,Masters,BI Analyst,Pune,4,Startup,34.06
0,Bachelors,BI Analyst,Bangalore,3,Enterprise,14.87
16,PhD,ML Engineer,Hyderabad,4,Enterprise,68.95
18,Bachelors,Data Scientist,Hyderabad,4,Startup,64.79
13,Bachelors,ML Engineer,Hyderabad,1,Enterprise,44.55
11,Bachelors,BI Analyst,Delhi,1,Enterprise,35.66
9,Bachelors,ML Engineer,Delhi,3,Startup,43.95
19,Masters,Data Scientist,Pune,5,Startup,76.67
20,PhD,Data Analyst,Delhi,1,Startup,56.22
17,Masters,Data Scientist,Delhi,1,Enterprise,56.9
10,Bachelors,Data Scientist,Delhi,2,Startup,38.85
1,Bachelors,BI Analyst,Pune,1,Enterprise,8.59
17,Masters,Data Scientist,Pune,5,Mid,73.07
6,PhD,Data Scientist,Mumbai,2,Mid,32.87
14,Bachelors,BI Analyst,Mumbai,4,Startup,53.35
10,Bachelors,BI Analyst,Mumbai,4,Enterprise,45.32
17,Bachelors,Data Analyst,Mumbai,2,Enterprise,50.76
11,PhD,ML Engineer,Hyderabad,2,Enterprise,45.46
5,Masters,Data Scientist,Hyderabad,2,Startup,24.57
19,Bachelors,BI Analyst,Mumbai,3,Enterprise,63.44
12,Bachelors,Data Analyst,Mumbai,5,Enterprise,54.21
19,PhD,ML Engineer,Bangalore,5,Enterprise,82.9
15,Bachelors,BI Analyst,Hyderabad,4,Mid,53.51
17,Bachelors,ML Engineer,Bangalore,4,Enterprise,67.74
9,Masters,ML Engineer,Bangalore,4,Mid,50.4
7,Bachelors,Data Scientist,Delhi,1,Enterprise,25.5
17,Bachelors,Data Scientist,Pune,4,Enterprise,64.57
20,Masters,BI Analyst,Hyderabad,2,Enterprise,63.89
0,PhD,ML Engineer,Mumbai,4,Mid,38.25
7,Masters,BI Analyst,Mumbai,2,Enterprise,33.5
5,PhD,BI Analyst,Pune,3,Startup,37.07
4,Masters,ML Engineer,Hyderabad,1,Enterprise,29.41
14,Masters,BI Analyst,Mumbai,1,Mid,41.81
14,Bachelors,ML Engineer,Mumbai,5,Mid,64.14
1,Masters,ML Engineer,Delhi,3,Startup,25.19
0,PhD,ML Engineer,Bangalore,2,Startup,21.95
10,Bachelors,ML Engineer,Mumbai,3,Startup,45.22
9,Bachelors,Data Analyst,Hyderabad,1,Mid,26.98
17,Bachelors,ML Engineer,Pune,2,Enterprise,59.47
17,Bachelors,Data Scientist,Delhi,3,Enterprise,61.6
16,Bachelors,Data Scientist,Hyderabad,1,Startup,44.98
7,Masters,Data Scientist,Delhi,2,Startup,33.86
14,PhD,ML Engineer,Bangalore,2,Enterprise,56.7
7,Bachelors,Data Scientist,Mumbai,1,Startup,22.88
16,Bachelors,Data Analyst,Hyderabad,2,Enterprise,48.1
11,Bachelors,BI Analyst,Pune,1,Enterprise,36.52
7,PhD,ML Engineer,Bangalore,4,Enterprise,52.38
13,Bachelors,Data Scientist,Bangalore,4,Enterprise,50.31
3,Bachelors,Data Analyst,Delhi,2,Mid,20.62
0,Bachelors,BI Analyst,Bangalore,2,Enterprise,7.59
0,Bachelors,Data Analyst,Hyderabad,1,Startup,6.3
18,Bachelors,Data Scientist,Delhi,2,Startup,57.91
15,PhD,Data Analyst,Bangalore,5,Startup,69.76
13,Masters,BI Analyst,Pune,4,Startup,54.68
20,Masters,Data Scientist,Hyderabad,2,Mid,62.96
15,Bachelors,BI Analyst,Pune,2,Enterprise,44.45
4,Masters,Data Analyst,Pune,3,Enterprise,29.6
8,Masters,ML Engineer,Delhi,2,Startup,38.3
1,Bachelors,ML Engineer,Mumbai,5,Startup,32.67
17,Masters,ML Engineer,Delhi,4,Startup,73.71
5,Bachelors,ML Engineer,Hyderabad,3,Enterprise,35.8
8,Masters,BI Analyst,Hyderabad,1,Mid,34.46
0,Bachelors,ML Engineer,Delhi,1,Mid,10.45
8,PhD,BI Analyst,Mumbai,4,Mid,44.07
15,Bachelors,Data Scientist,Delhi,1,Mid,47.05
12,Masters,ML Engineer,Hyderabad,5,Startup,68.76
8,Masters,BI Analyst,Mumbai,2,Enterprise,31.82
20,Masters,ML Engineer,Hyderabad,4,Startup,78.12
12,Bachelors,ML Engineer,Mumbai,3,Mid,55.26
8,Bachelors,ML Engineer,Mumbai,2,Startup,37.35
10,Masters,BI Analyst,Delhi,1,Mid,37.56
3,Bachelors,Data Analyst,Delhi,1,Enterprise,20.57
1,Bachelors,ML Engineer,Delhi,3,Mid,25.79
5,Masters,ML Engineer,Mumbai,5,Startup,47.88
13,Masters,Data Scientist,Mumbai,3,Enterprise,55.93
3,Bachelors,Data Analyst,Hyderabad,4,Mid,25.49
5,Bachelors,BI Analyst,Pune,3,Mid,24.06
18,Bachelors,Data Scientist,Delhi,1,Enterprise,54.18
5,Masters,ML Engineer,Hyderabad,5,Startup,44.62
1,Masters,Data Scientist,Hyderabad,5,Enterprise,37.06
17,Masters,Data Scientist,Bangalore,3,Startup,64.24
12,PhD,ML Engineer,Delhi,4,Mid,64.91
8,Bachelors,Data Analyst,Hyderabad,1,Mid,23.1
18,Bachelors,Data Analyst,Bangalore,2,Enterprise,58.2
12,Bachelors,Data Scientist,Delhi,5,Mid,50.4
10,Bachelors,ML Engineer,Mumbai,3,Enterprise,43.14
0,PhD,BI Analyst,Bangalore,4,Mid,28.9
6,Masters,Data Scientist,Mumbai,4,Mid,39.89
20,Bachelors,BI Analyst,Pune,1,Startup,54.28
14,Bachelors,Data Scientist,Pune,5,Enterprise,62.42
0,Masters,Data Scientist,Pune,1,Enterprise,17.77
11,Masters,ML Engineer,Pune,2,Mid,41.63
6,Bachelors,ML Engineer,Hyderabad,2,Startup,36.15
14,PhD,BI Analyst,Pune,2,Startup,55.52
20,Masters,BI Analyst,Hyderabad,4,Enterprise,70.49
18,Bachelors,Data Analyst,Hyderabad,5,Enterprise,66.62
0,PhD,ML Engineer,Delhi,1,Mid,19.15
16,Bachelors,Data Scientist,Hyderabad,1,Enterprise,46.75
16,PhD,Data Scientist,Hyderabad,2,Mid,60.43
2,PhD,Data Analyst,Pune,5,Startup,37.73
11,Masters,ML Engineer,Hyderabad,5,Enterprise,56.24
5,Masters,Data Scientist,Mumbai,3,Startup,31.74
10,Bachelors,Data Analyst,Pune,5,Startup,45.94
2,PhD,Data Analyst,Bangalore,5,Mid,36.94
7,Masters,Data Scientist,Pune,1,Startup,32.92
13,Masters,Data Scientist,Hyderabad,5,Mid,59.48
13,PhD,BI Analyst,Mumbai,5,Mid,65.3
9,PhD,ML Engineer,Pune,1,Startup,38.33
1,Masters,BI Analyst,Mumbai,5,Startup,33.06
13,Bachelors,Data Analyst,Bangalore,1,Mid,37.85
8,PhD,Data Scientist,Bangalore,3,Mid,43.37
2,Masters,BI Analyst,Delhi,4,Startup,32.23
20,PhD,Data Analyst,Delhi,1,Mid,66.86
7,Masters,ML Engineer,Pune,1,Mid,27.47
15,Bachelors,Data Scientist,Delhi,5,Enterprise,66.3
1,Bachelors,BI Analyst,Mumbai,1,Enterprise,10.43
5,Masters,ML Engineer,Delhi,2,Enterprise,34.97
20,Masters,BI Analyst,Mumbai,2,Enterprise,58.68
11,Bachelors,Data Analyst,Delhi,3,Enterprise,39.65
4,Masters,ML Engineer,Delhi,1,Mid,24.09
1,Bachelors,BI Analyst,Delhi,5,Mid,28.54
15,Masters,ML Engineer,Hyderabad,5,Enterprise,68.3
4,Bachelors,Data Analyst,Hyderabad,4,Startup,29.63
14,Bachelors,ML Engineer,Delhi,3,Enterprise,58.59
11,Bachelors,BI Analyst,Mumbai,5,Startup,58.05
3,Bachelors,Data Analyst,Pune,4,Mid,30.48
14,Bachelors,Data Scientist,Bangalore,5,Startup,64.68
10,Bachelors,BI Analyst,Hyderabad,4,Mid,44.45
15,Bachelors,BI Analyst,Delhi,2,Startup,45.33
5,PhD,Data Analyst,Bangalore,2,Mid,29.02
13,PhD,Data Analyst,Hyderabad,5,Mid,62.53
17,Bachelors,Data Scientist,Pune,3,Enterprise,56.82
11,PhD,BI Analyst,Mumbai,1,Mid,42.35
10,Bachelors,Data Analyst,Delhi,3,Enterprise,45.06
12,Masters,Data Scientist,Pune,3,Enterprise,51.67
20,Masters,Data Scientist,Hyderabad,1,Enterprise,64.75
10,Bachelors,Data Analyst,Delhi,2,Startup,39.63
15,Bachelors,BI Analyst,Bangalore,2,Startup,44.9
14,Bachelors,ML Engineer,Mumbai,1,Mid,41.89
20,Bachelors,ML Engineer,Hyderabad,4,Enterprise,73.5
14,Masters,Data Scientist,Mumbai,3,Enterprise,56.39
3,Bachelors,ML Engineer,Delhi,5,Mid,35.11
10,Bachelors,ML Engineer,Pune,2,Enterprise,46.27
18,Bachelors,Data Analyst,Mumbai,5,Mid,74.55
14,Bachelors,Data Scientist,Bangalore,1,Enterprise,44.64
3,Masters,BI Analyst,Hyderabad,5,Startup,32.75
20,Bachelors,Data Scientist,Bangalore,5,Mid,77.96
12,PhD,Data Analyst,Mumbai,3,Mid,48.35
18,Bachelors,ML Engineer,Pune,1,Startup,60.13
1,Bachelors,BI Analyst,Pune,5,Mid,27.21
13,Masters,Data Scientist,Bangalore,2,Startup,51.38
3,Bachelors,ML Engineer,Delhi,1,Enterprise,23.41
15,Masters,Data Scientist,Delhi,2,Startup,55.61
20,Masters,BI Analyst,Pune,4,Startup,77.36
19,Bachelors,Data Scientist,Bangalore,5,Mid,74.63
13,Bachelors,Data Scientist,Bangalore,1,Enterprise,40.19
14,Bachelors,Data Scientist,Bangalore,2,Startup,42.29
2,Bachelors,ML Engineer,Mumbai,5,Enterprise,29.45
7,Bachelors,BI Analyst,Delhi,3,Startup,35.26
15,Bachelors,BI Analyst,Delhi,2,Mid,47.45
9,Bachelors,ML Engineer,Mumbai,2,Startup,37.15
3,Masters,ML Engineer,Hyderabad,4,Startup,33.86
17,Masters,ML Engineer,Mumbai,3,Enterprise,68.52
1,Masters,Data Analyst,Bangalore,4,Startup,23.45
16,Bachelors,Data Scientist,Mumbai,3,Mid,62.79
12,Bachelors,Data Scientist,Bangalore,2,Mid,50.85
3,PhD,BI Analyst,Pune,4,Startup,31.5
10,Masters,Data Scientist,Bangalore,5,Startup,57.51
6,PhD,Data Analyst,Delhi,3,Enterprise,38.22
11,Bachelors,ML Engineer,Mumbai,2,Enterprise,41.44
9,Masters,BI Analyst,Bangalore,1,Mid,29.15
6,Masters,BI Analyst,Hyderabad,3,Enterprise,33.53
12,Bachelors,Data Scientist,Pune,3,Startup,44.88
6,Bachelors,BI Analyst,Hyderabad,5,Mid,43.17
16,Masters,ML Engineer,Hyderabad,3,Enterprise,63.16
9,Bachelors,BI Analyst,Hyderabad,3,Mid,34.74
9,Bachelors,ML Engineer,Pune,5,Startup,52.83
3,Masters,Data Analyst,Pune,5,Enterprise,37.1
19,PhD,Data Analyst,Pune,4,Startup,70.43
3,Bachelors,ML Engineer,Pune,2,Startup,19.22
6,Bachelors,Data Scientist,Hyderabad,2,Mid,29.78
0,Bachelors,BI Analyst,Delhi,4,Mid,17.35
11,Masters,Data Scientist,Delhi,2,Mid,42.02
12,Bachelors,BI Analyst,Pune,3,Enterprise,46.71
9,PhD,Data Analyst,Mumbai,4,Enterprise,46.84
14,Bachelors,Data Analyst,Bangalore,4,Mid,54.18
12,Bachelors,Data Analyst,Mumbai,2,Enterprise,45.16
20,Masters,BI Analyst,Mumbai,1,Enterprise,57.44
8,Masters,Data Analyst,Mumbai,2,Mid,40.26
8,Bachelors,Data Analyst,Delhi,1,Startup,28.92
14,Bachelors,Data Analyst,Bangalore,4,Enterprise,51.81
9,PhD,Data Analyst,Mumbai,1,Enterprise,33.67
9,Bachelors,Data Scientist,Pune,3,Startup,37.31
7,PhD,Data Analyst,Delhi,5,Startup,50.21
15,Bachelors,Data Analyst,Pune,1,Startup,47.47
16,Masters,Data Scientist,Pune,5,Mid,68.82
4,Masters,Data Scientist,Mumbai,3,Startup,26.52
3,Bachelors,BI Analyst,Pune,5,Mid,33.78
17,PhD,ML Engineer,Bangalore,3,Startup,66.71
18,Bachelors,Data Analyst,Pune,5,Startup,66.57
3,Bachelors,Data Analyst,Mumbai,5,Mid,33.63
6,Masters,Data Analyst,Pune,2,Mid,33.1
9,Bachelors,BI Analyst,Delhi,1,Startup,31.32
17,Masters,Data Analyst,Delhi,5,Startup,70.59
18,Bachelors,ML Engineer,Delhi,4,Startup,69.73
3,Bachelors,Data Scientist,Hyderabad,2,Enterprise,18.24
9,Bachelors,BI Analyst,Delhi,1,Startup,30.14
0,Bachelors,Data Scientist,Delhi,2,Mid,17.15
17,Bachelors,Data Analyst,Hyderabad,1,Enterprise,46.51
4,Masters,Data Analyst,Delhi,3,Mid,28
14,PhD,Data Analyst,Mumbai,5,Enterprise,68.43
16,Masters,ML Engineer,Delhi,4,Enterprise,67.22
2,Bachelors,ML Engineer,Delhi,2,Mid,21.99
11,Bachelors,BI Analyst,Hyderabad,2,Enterprise,38.13
1,Bachelors,Data Scientist,Mumbai,2,Mid,19.4
0,Bachelors,Data Analyst,Pune,2,Startup,12.88
20,Masters,Data Analyst,Bangalore,5,Enterprise,77.16
16,Bachelors,Data Analyst,Mumbai,1,Mid,50.45
15,Bachelors,Data Analyst,Pune,5,Enterprise,60.27
4,PhD,ML Engineer,Mumbai,3,Mid,35.25
14,Bachelors,Data Scientist,Pune,5,Startup,65.17
2,Bachelors,Data Scientist,Pune,5,Startup,33.99
6,Bachelors,BI Analyst,Mumbai,3,Enterprise,29.13
10,Bachelors,ML Engineer,Hyderabad,5,Enterprise,54.42
9,PhD,Data Analyst,Mumbai,1,Mid,31.28
8,Bachelors,Data Scientist,Mumbai,4,Mid,43.9
13,Bachelors,Data Scientist,Pune,3,Enterprise,46.32
12,Bachelors,ML Engineer,Bangalore,2,Mid,48.85
1,Bachelors,BI Analyst,Pune,1,Mid,8.33
2,Bachelors,BI Analyst,Delhi,4,Mid,21.62
6,Masters,Data Analyst,Mumbai,1,Enterprise,28.19
20,Masters,BI Analyst,Mumbai,1,Startup,65.27
17,Masters,Data Scientist,Hyderabad,2,Startup,60.11
2,Bachelors,BI Analyst,Pune,4,Mid,24.94
9,Masters,Data Analyst,Hyderabad,1,Enterprise,29.22
6,Masters,Data Scientist,Mumbai,2,Mid,33.19
8,Bachelors,BI Analyst,Pune,3,Startup,37.61
16,Masters,BI Analyst,Pune,2,Mid,53.42
10,Bachelors,ML Engineer,Delhi,5,Startup,58.19
6,Bachelors,Data Analyst,Delhi,2,Enterprise,30.94
13,Masters,BI Analyst,Bangalore,2,Mid,42.42
18,Bachelors,ML Engineer,Delhi,2,Enterprise,62.08
3,Masters,Data Scientist,Pune,1,Mid,14.99
5,Bachelors,ML Engineer,Delhi,4,Mid,36.56
9,PhD,ML Engineer,Bangalore,2,Mid,47.76
6,PhD,BI Analyst,Mumbai,2,Mid,32.26
12,PhD,BI Analyst,Delhi,5,Mid,55.47
13,Bachelors,BI Analyst,Pune,5,Enterprise,59.85
3,Bachelors,ML Engineer,Mumbai,3,Enterprise,28.07
7,Bachelors,Data Scientist,Pune,3,Startup,38.85
4,Bachelors,Data Analyst,Mumbai,5,Mid,36.64
0,Bachelors,ML Engineer,Pune,4,Startup,24.5
3,Masters,BI Analyst,Delhi,3,Enterprise,29.31
2,Masters,Data Analyst,Delhi,4,Startup,29.76
8,PhD,Data Scientist,Bangalore,5,Enterprise,54.23
7,Bachelors,Data Analyst,Mumbai,3,Mid,31.9
0,Bachelors,BI Analyst,Bangalore,2,Startup,8.69
5,Bachelors,ML Engineer,Hyderabad,5,Startup,42.24
8,PhD,ML Engineer,Delhi,3,Startup,46.38
6,Masters,BI Analyst,Mumbai,4,Startup,40.95
3,Masters,ML Engineer,Bangalore,4,Mid,32.25
12,PhD,BI Analyst,Bangalore,3,Enterprise,55.71
16,Masters,ML Engineer,Hyderabad,4,Enterprise,72.98
1,Bachelors,ML Engineer,Bangalore,3,Mid,22.98
4,Bachelors,ML Engineer,Pune,3,Enterprise,36.3
11,Masters,Data Scientist,Delhi,4,Startup,50.38
20,Bachelors,Data Scientist,Bangalore,1,Mid,61.88
7,Bachelors,BI Analyst,Bangalore,2,Enterprise,26.34
5,PhD,Data Scientist,Hyderabad,5,Mid,49.6
7,PhD,BI Analyst,Pune,2,Mid,30.49
17,Masters,Data Analyst,Bangalore,5,Enterprise,72.55
2,Masters,Data Analyst,Delhi,5,Enterprise,37.17
11,Masters,Data Scientist,Delhi,2,Mid,39.99
2,Bachelors,Data Analyst,Bangalore,3,Mid,26.57
5,Bachelors,Data Analyst,Pune,4,Enterprise,36.06
1,Masters,ML Engineer,Delhi,1,Mid,12.91
11,Masters,ML Engineer,Delhi,1,Enterprise,41.43
1,Bachelors,BI Analyst,Pune,1,Mid,13.01
5,PhD,Data Analyst,Pune,2,Mid,32.17
16,Bachelors,BI Analyst,Bangalore,2,Mid,50.74
2,Bachelors,BI Analyst,Mumbai,3,Enterprise,24.08
1,Masters,Data Analyst,Hyderabad,1,Startup,10.28
19,Bachelors,Data Scientist,Mumbai,3,Enterprise,65.24
7,Bachelors,Data Analyst,Mumbai,1,Mid,21.76
11,Bachelors,ML Engineer,Delhi,2,Startup,44.8
3,Masters,Data Analyst,Pune,4,Startup,34.2
4,Bachelors,Data Scientist,Delhi,4,Mid,35.94
12,Masters,BI Analyst,Hyderabad,4,Enterprise,53.47
14,Masters,BI Analyst,Bangalore,4,Startup,60.57
15,Bachelors,ML Engineer,Hyderabad,5,Startup,70.76
9,PhD,ML Engineer,Delhi,1,Enterprise,46.49
15,Bachelors,ML Engineer,Delhi,4,Enterprise,66.5
11,PhD,BI Analyst,Delhi,5,Startup,59.87
16,Masters,ML Engineer,Delhi,5,Enterprise,75.7
15,PhD,Data Analyst,Mumbai,5,Startup,68.23
11,Bachelors,BI Analyst,Bangalore,3,Mid,42.06
7,Bachelors,Data Scientist,Mumbai,3,Enterprise,38.9
19,Bachelors,BI Analyst,Delhi,5,Startup,73.37
2,Bachelors,Data Analyst,Pune,4,Enterprise,26.68
15,Masters,Data Analyst,Mumbai,1,Enterprise,45.92
12,Bachelors,ML Engineer,Delhi,2,Startup,46.05
18,Masters,BI Analyst,Delhi,3,Mid,61.47
7,Bachelors,BI Analyst,Bangalore,4,Startup,41.57
4,Bachelors,BI Analyst,Hyderabad,4,Enterprise,34.14
19,Masters,Data Scientist,Mumbai,2,Startup,67.01
7,Bachelors,ML Engineer,Mumbai,2,Enterprise,31.64
11,Masters,Data Analyst,Mumbai,4,Startup,49.32
0,Masters,Data Analyst,Delhi,2,Mid,14.23
20,Masters,ML Engineer,Bangalore,4,Mid,76.18
19,Bachelors,Data Analyst,Delhi,2,Mid,63.19
5,Masters,Data Analyst,Delhi,2,Mid,28.2
17,PhD,ML Engineer,Pune,4,Startup,74.79
7,Masters,Data Analyst,Bangalore,5,Mid,43.9
6,Bachelors,BI Analyst,Mumbai,4,Startup,37.99
0,Masters,Data Scientist,Hyderabad,1,Enterprise,20.07
20,Masters,ML Engineer,Mumbai,2,Enterprise,69.24
15,Masters,Data Scientist,Delhi,3,Enterprise,57.8
11,Bachelors,Data Analyst,Bangalore,2,Mid,38.13
5,Bachelors,Data Analyst,Bangalore,1,Mid,18.53
19,Masters,BI Analyst,Bangalore,3,Mid,65.09
1,Bachelors,ML Engineer,Pune,3,Enterprise,23.07
13,Masters,Data Analyst,Mumbai,4,Enterprise,52.54
3,Bachelors,ML Engineer,Pune,5,Enterprise,38.64
0,Masters,ML Engineer,Hyderabad,4,Enterprise,30.24
17,Bachelors,ML Engineer,Delhi,3,Startup,62.48
12,Bachelors,ML Engineer,Pune,3,Startup,55.67
1,PhD,ML Engineer,Pune,5,Mid,41.15
8,PhD,Data Scientist,Delhi,2,Mid,42.43
20,Masters,BI Analyst,Bangalore,5,Enterprise,78.81
1,Bachelors,ML Engineer,Delhi,4,Startup,29.71
8,Masters,Data Scientist,Mumbai,2,Startup,37.86
0,Masters,Data Analyst,Delhi,4,Mid,21.42
10,Masters,ML Engineer,Bangalore,5,Startup,60.47
2,Bachelors,Data Analyst,Delhi,2,Mid,15.8
19,Masters,ML Engineer,Pune,5,Enterprise,78.18
3,Masters,Data Scientist,Hyderabad,1,Enterprise,24.61
17,PhD,Data Scientist,Pune,3,Mid,62.3
5,Bachelors,Data Scientist,Hyderabad,2,Enterprise,32.16
2,Masters,BI Analyst,Delhi,3,Enterprise,29.22
10,Masters,Data Analyst,Mumbai,1,Startup,33.83
14,Bachelors,BI Analyst,Delhi,2,Startup,50.96
4,Bachelors,ML Engineer,Bangalore,3,Startup,29.43
19,Bachelors,Data Analyst,Delhi,3,Startup,65.08
9,Bachelors,Data Scientist,Hyderabad,2,Startup,36.65
11,Bachelors,Data Analyst,Pune,3,Mid,37.48
14,Masters,Data Scientist,Mumbai,3,Mid,54.21
16,Masters,BI Analyst,Delhi,2,Startup,52.88
9,Masters,BI Analyst,Delhi,3,Enterprise,43.44
5,PhD,Data Scientist,Pune,3,Enterprise,36.07
17,Bachelors,Data Scientist,Mumbai,4,Mid,63.98
12,Bachelors,ML Engineer,Delhi,4,Mid,57.42
2,Masters,BI Analyst,Delhi,1,Mid,16.76
9,Bachelors,BI Analyst,Hyderabad,4,Enterprise,42.32
13,Bachelors,ML Engineer,Hyderabad,4,Mid,57.29
5,Bachelors,BI Analyst,Bangalore,1,Enterprise,22.32
2,Bachelors,Data Scientist,Pune,3,Mid,23.37
15,Masters,Data Analyst,Mumbai,3,Enterprise,51.93
6,Bachelors,Data Analyst,Delhi,4,Mid,34.22
19,Bachelors,BI Analyst,Delhi,1,Mid,54.74
13,Bachelors,ML Engineer,Bangalore,3,Enterprise,53.25
8,Masters,Data Scientist,Delhi,5,Mid,49.19
14,Bachelors,Data Analyst,Pune,2,Startup,41.84
20,Masters,Data Scientist,Bangalore,2,Enterprise,65.57
2,Bachelors,BI Analyst,Pune,2,Mid,17.48
1,Bachelors,BI Analyst,Bangalore,4,Enterprise,20.38
1,Masters,Data Analyst,Delhi,2,Mid,16.83
2,Bachelors,BI Analyst,Bangalore,2,Startup,13.52
17,Bachelors,ML Engineer,Hyderabad,5,Mid,71.91
13,Bachelors,BI Analyst,Mumbai,3,Mid,52.88
19,PhD,BI Analyst,Delhi,5,Startup,77.62
17,Bachelors,BI Analyst,Mumbai,4,Enterprise,57.06
9,Masters,Data Scientist,Delhi,2,Mid,40.59
1,Bachelors,Data Scientist,Mumbai,3,Mid,25.84
0,Bachelors,Data Analyst,Hyderabad,2,Startup,7.85
3,Bachelors,Data Analyst,Mumbai,2,Enterprise,16.06
13,PhD,Data Analyst,Bangalore,4,Enterprise,58.98
0,Bachelors,BI Analyst,Mumbai,2,Startup,11.74
13,Bachelors,Data Scientist,Delhi,1,Startup,45.33
15,Bachelors,ML Engineer,Pune,3,Mid,57.96
13,Bachelors,BI Analyst,Mumbai,3,Startup,50.18
19,Bachelors,BI Analyst,Mumbai,1,Startup,57.68
2,Masters,BI Analyst,Mumbai,4,Startup,26.2
2,Bachelors,ML Engineer,Delhi,2,Enterprise,25.04
8,Bachelors,Data Analyst,Mumbai,2,Startup,30
5,Masters,ML Engineer,Delhi,3,Mid,30.85
12,Bachelors,Data Analyst,Delhi,4,Mid,51.23
20,Bachelors,ML Engineer,Pune,4,Mid,76.8
1,Bachelors,Data Scientist,Bangalore,4,Startup,21.75
7,Masters,BI Analyst,Delhi,2,Enterprise,30.44
20,Bachelors,BI Analyst,Hyderabad,4,Startup,67.13
1,Bachelors,BI Analyst,Mumbai,1,Startup,12.33
3,Bachelors,Data Analyst,Hyderabad,5,Mid,28.05
14,Masters,ML Engineer,Mumbai,4,Startup,63.92
3,Bachelors,Data Scientist,Pune,5,Enterprise,28.68
12,Masters,ML Engineer,Delhi,2,Mid,50.94
11,Masters,BI Analyst,Bangalore,4,Enterprise,50.78
12,Masters,Data Scientist,Delhi,3,Enterprise,49.77
13,Bachelors,Data Scientist,Mumbai,2,Enterprise,50.48
19,Bachelors,BI Analyst,Bangalore,1,Startup,45.23
17,Bachelors,ML Engineer,Delhi,1,Startup,54.25
5,Bachelors,BI Analyst,Bangalore,5,Startup,41.09
10,Bachelors,ML Engineer,Mumbai,5,Startup,55.89
1,Masters,Data Scientist,Pune,3,Mid,29
18,Bachelors,Data Scientist,Pune,3,Startup,61.35
18,Bachelors,BI Analyst,Delhi,1,Mid,50.2
4,Masters,Data Scientist,Hyderabad,4,Enterprise,40.3
18,Masters,Data Analyst,Mumbai,1,Mid,56.38
1,Bachelors,Data Scientist,Delhi,1,Startup,20.1
9,Masters,Data Analyst,Delhi,3,Mid,41.41
1,Bachelors,Data Scientist,Pune,5,Startup,31.5
10,Masters,BI Analyst,Bangalore,3,Startup,42.12
17,Masters,BI Analyst,Mumbai,3,Mid,59.69
14,Masters,Data Analyst,Bangalore,3,Mid,56.33
8,Masters,BI Analyst,Mumbai,1,Enterprise,29.7
18,Bachelors,Data Scientist,Hyderabad,4,Enterprise,64.78
8,Bachelors,Data Scientist,Pune,1,Enterprise,28.57
2,Masters,BI Analyst,Hyderabad,2,Enterprise,19.53
20,Bachelors,Data Scientist,Delhi,3,Enterprise,65.27
8,PhD,ML Engineer,Pune,3,Mid,46.33
13,Bachelors,ML Engineer,Delhi,2,Enterprise,46.2
18,Bachelors,Data Scientist,Hyderabad,3,Mid,61.43
6,Bachelors,BI Analyst,Mumbai,3,Enterprise,34.4
15,Bachelors,Data Analyst,Delhi,3,Startup,52.65
15,Masters,BI Analyst,Bangalore,2,Enterprise,58.38
0,Masters,Data Analyst,Mumbai,1,Startup,8.21
3,Masters,BI Analyst,Mumbai,3,Mid,28.16
3,Masters,Data Scientist,Hyderabad,4,Enterprise,34.87
6,PhD,ML Engineer,Hyderabad,2,Mid,40.35
7,Masters,BI Analyst,Pune,5,Enterprise,43.48
16,Bachelors,Data Analyst,Pune,2,Mid,49.29
4,Masters,ML Engineer,Bangalore,1,Enterprise,27.32
6,Bachelors,Data Analyst,Mumbai,2,Enterprise,24.89
19,Bachelors,Data Scientist,Bangalore,5,Startup,68.78
19,Masters,ML Engineer,Bangalore,4,Mid,79.53
3,Bachelors,Data Analyst,Hyderabad,5,Mid,35.36
5,Bachelors,BI Analyst,Bangalore,2,Mid,22.75
6,Bachelors,Data Scientist,Bangalore,5,Mid,43.55
17,Bachelors,Data Scientist,Delhi,2,Mid,58.82
4,PhD,Data Scientist,Pune,4,Startup,43.63
19,Bachelors,BI Analyst,Pune,4,Enterprise,66.91
2,Bachelors,BI Analyst,Mumbai,1,Startup,10.54
6,Bachelors,ML Engineer,Pune,4,Mid,45.79
13,Bachelors,BI Analyst,Mumbai,3,Mid,47.98
6,PhD,ML Engineer,Delhi,5,Enterprise,51.46
4,Bachelors,Data Scientist,Pune,5,Startup,38.89
4,Masters,ML Engineer,Delhi,2,Enterprise,34.06
1,Masters,Data Analyst,Pune,4,Enterprise,26.28
20,PhD,Data Scientist,Pune,1,Startup,67.46
5,Masters,Data Scientist,Delhi,1,Enterprise,24.87
14,Masters,ML Engineer,Bangalore,1,Startup,51.93
20,Bachelors,Data Scientist,Bangalore,3,Startup,64.66
9,Bachelors,BI Analyst,Bangalore,4,Mid,45.81
6,Bachelors,Data Analyst,Bangalore,1,Enterprise,19.87
4,PhD,ML Engineer,Pune,3,Mid,39.48
0,Bachelors,ML Engineer,Hyderabad,5,Enterprise,27.04
12,Bachelors,Data Scientist,Delhi,2,Enterprise,43.87
20,Bachelors,BI Analyst,Hyderabad,4,Mid,69.56
17,Bachelors,Data Scientist,Hyderabad,4,Mid,62.76
12,Bachelors,Data Scientist,Mumbai,5,Mid,56.97
20,PhD,ML Engineer,Bangalore,4,Startup,81.79
20,Bachelors,Data Scientist,Pune,4,Enterprise,73.69
17,Masters,Data Analyst,Bangalore,4,Startup,65.1
4,Masters,Data Scientist,Bangalore,4,Enterprise,40.6
12,Bachelors,Data Scientist,Hyderabad,3,Enterprise,51.77
3,Bachelors,ML Engineer,Mumbai,3,Startup,29.61
16,Bachelors,Data Scientist,Bangalore,2,Startup,49.41
2,Bachelors,BI Analyst,Delhi,4,Enterprise,24.34
16,Masters,ML Engineer,Delhi,5,Mid,66.21
10,Bachelors,Data Scientist,Bangalore,1,Mid,33.95
20,Bachelors,Data Analyst,Hyderabad,2,Mid,64.21
19,Masters,Data Analyst,Hyderabad,1,Mid,58.47
20,PhD,ML Engineer,Pune,1,Enterprise,67.75
3,Masters,ML Engineer,Mumbai,4,Mid,35.02
1,Masters,Data Scientist,Hyderabad,5,Mid,34.27
19,Masters,BI Analyst,Pune,1,Mid,62.49
15,Bachelors,Data Scientist,Delhi,1,Enterprise,50.96
17,Masters,Data Analyst,Delhi,2,Startup,55.35
7,Bachelors,BI Analyst,Delhi,5,Mid,37.85
2,Masters,BI Analyst,Bangalore,5,Enterprise,39.92
8,Masters,BI Analyst,Mumbai,1,Enterprise,27.51
19,Bachelors,Data Scientist,Pune,5,Mid,75.69
5,Masters,Data Analyst,Mumbai,2,Startup,22.32
9,PhD,ML Engineer,Bangalore,2,Startup,44.63
20,Bachelors,Data Scientist,Pune,2,Startup,58.31
9,Masters,ML Engineer,Pune,4,Enterprise,48.11
12,Bachelors,BI Analyst,Hyderabad,1,Mid,33.53
16,Masters,BI Analyst,Mumbai,5,Mid,68.33
8,Bachelors,Data Scientist,Mumbai,2,Enterprise,33.91
16,Masters,Data Analyst,Hyderabad,1,Mid,57.04
8,PhD,BI Analyst,Delhi,1,Mid,36.1
8,PhD,ML Engineer,Bangalore,4,Startup,55.67
0,Masters,ML Engineer,Mumbai,5,Mid,36.01
1,Bachelors,Data Scientist,Hyderabad,5,Mid,31.73
15,PhD,ML Engineer,Pune,2,Enterprise,63.57
0,Bachelors,Data Analyst,Hyderabad,2,Enterprise,4.86
9,PhD,BI Analyst,Delhi,1,Startup,33.23
17,Bachelors,ML Engineer,Bangalore,5,Enterprise,68.22
7,Bachelors,ML Engineer,Delhi,5,Startup,42.65
20,Masters,BI Analyst,Pune,2,Startup,60.69
10,Bachelors,Data Scientist,Pune,3,Mid,40.06
1,Bachelors,ML Engineer,Pune,1,Startup,19.48
7,Bachelors,Data Scientist,Pune,5,Mid,45.57
7,Bachelors,Data Scientist,Hyderabad,4,Startup,34.77
16,Bachelors,ML Engineer,Pune,4,Enterprise,66.34
14,Bachelors,Data Analyst,Pune,3,Enterprise,47.06
16,Bachelors,Data Scientist,Hyderabad,2,Enterprise,53.59
12,Bachelors,ML Engineer,Pune,2,Startup,47.98
18,Masters,Data Scientist,Delhi,2,Startup,58.95
4,Bachelors,BI Analyst,Delhi,4,Mid,31.25
11,PhD,Data Analyst,Mumbai,2,Mid,45.61
0,PhD,Data Analyst,Delhi,4,Mid,26.51
4,Bachelors,BI Analyst,Bangalore,3,Mid,23.94
7,Masters,BI Analyst,Bangalore,1,Startup,27.31
12,Masters,Data Scientist,Bangalore,5,Startup,59.88
7,PhD,BI Analyst,Hyderabad,3,Mid,40.25
10,Masters,Data Analyst,Delhi,4,Startup,47.21
0,Bachelors,BI Analyst,Bangalore,3,Startup,12.92
12,Masters,ML Engineer,Mumbai,5,Startup,62.79
18,Masters,ML Engineer,Hyderabad,1,Startup,60.68
2,Masters,Data Scientist,Mumbai,5,Mid,36.86
16,Bachelors,Data Analyst,Delhi,4,Mid,59.07
4,PhD,ML Engineer,Pune,5,Startup,45.64
19,PhD,BI Analyst,Mumbai,3,Enterprise,66.48
20,Bachelors,ML Engineer,Pune,2,Mid,64.7
7,Bachelors,ML Engineer,Hyderabad,3,Mid,42.53
13,Bachelors,Data Scientist,Mumbai,4,Enterprise,52.36
3,Masters,BI Analyst,Mumbai,1,Mid,17.97
10,Masters,BI Analyst,Hyderabad,5,Enterprise,48.73
19,Masters,BI Analyst,Hyderabad,1,Enterprise,58.39
14,Bachelors,Data Scientist,Bangalore,4,Startup,55.99
18,Masters,BI Analyst,Delhi,5,Mid,69.22
6,Bachelors,BI Analyst,Mumbai,3,Enterprise,31.55
18,Bachelors,ML Engineer,Mumbai,3,Startup,58.32
18,Masters,ML Engineer,Hyderabad,4,Mid,69.3
10,PhD,BI Analyst,Hyderabad,5,Startup,56.58
4,PhD,Data Analyst,Delhi,3,Startup,35.14
4,PhD,Data Analyst,Hyderabad,4,Enterprise,37.95
7,Bachelors,BI Analyst,Pune,4,Mid,38.22
9,Bachelors,Data Analyst,Pune,1,Startup,36.33
5,Masters,Data Scientist,Pune,3,Enterprise,35.97
14,PhD,ML Engineer,Pune,5,Enterprise,67.97
15,Bachelors,Data Scientist,Delhi,3,Startup,58.57
16,Bachelors,ML Engineer,Mumbai,3,Startup,58.98
7,Bachelors,Data Analyst,Pune,3,Enterprise,31.18
7,Masters,Data Analyst,Hyderabad,4,Startup,36.66
8,Bachelors,BI Analyst,Pune,2,Startup,29.97
1,Bachelors,Data Analyst,Delhi,2,Mid,10.71
14,Bachelors,Data Analyst,Hyderabad,1,Enterprise,42.77
17,Bachelors,BI Analyst,Pune,3,Startup,56.92
2,PhD,BI Analyst,Mumbai,2,Enterprise,18.72
16,Bachelors,ML Engineer,Hyderabad,1,Mid,51.66
3,Masters,Data Analyst,Hyderabad,4,Enterprise,34.18
3,Masters,ML Engineer,Mumbai,3,Enterprise,37.57
13,PhD,ML Engineer,Hyderabad,5,Enterprise,63.33
8,Bachelors,Data Scientist,Pune,4,Mid,40.86
8,PhD,Data Analyst,Hyderabad,1,Mid,28.83
17,Masters,Data Analyst,Pune,4,Enterprise,65.86
9,PhD,Data Scientist,Mumbai,5,Enterprise,51.87
20,PhD,ML Engineer,Bangalore,4,Mid,84.18
3,Bachelors,Data Analyst,Mumbai,1,Startup,18.31
11,Bachelors,ML Engineer,Pune,5,Mid,60.35
7,Bachelors,Data Scientist,Delhi,5,Enterprise,43.15
1,Masters,BI Analyst,Mumbai,4,Startup,24.44
12,Bachelors,ML Engineer,Delhi,5,Startup,58.93
20,Bachelors,Data Analyst,Delhi,4,Startup,72.32
15,Bachelors,BI Analyst,Pune,3,Mid,47.41
1,Bachelors,ML Engineer,Pune,5,Mid,35.06
10,Bachelors,ML Engineer,Bangalore,4,Mid,48.2
9,Bachelors,BI Analyst,Hyderabad,3,Mid,36.84
14,Bachelors,BI Analyst,Mumbai,5,Enterprise,61.31
16,Bachelors,BI Analyst,Pune,3,Startup,50.35
7,Bachelors,Data Analyst,Mumbai,5,Enterprise,41.47
17,Bachelors,Data Analyst,Delhi,1,Mid,47.91
8,PhD,ML Engineer,Hyderabad,1,Mid,38.59
7,Masters,ML Engineer,Bangalore,4,Enterprise,46.49
13,Bachelors,Data Scientist,Mumbai,2,Startup,47.87
17,Bachelors,Data Analyst,Hyderabad,1,Startup,46.94
19,Masters,ML Engineer,Bangalore,2,Mid,67.7
19,PhD,BI Analyst,Mumbai,3,Mid,69.09
20,PhD,BI Analyst,Hyderabad,3,Mid,71.36
11,Masters,Data Analyst,Pune,2,Mid,42.98
18,Bachelors,BI Analyst,Mumbai,4,Startup,65.05
13,Bachelors,Data Scientist,Hyderabad,5,Enterprise,59.43
16,Bachelors,ML Engineer,Bangalore,2,Startup,52.59
20,PhD,ML Engineer,Hyderabad,2,Enterprise,76.07
2,Masters,ML Engineer,Pune,2,Mid,30.88
6,Masters,Data Analyst,Mumbai,2,Mid,28.32
16,Bachelors,BI Analyst,Mumbai,2,Enterprise,51.77
11,Masters,Data Scientist,Mumbai,4,Mid,51.76
8,Bachelors,Data Analyst,Pune,1,Startup,24.54
14,Bachelors,ML Engineer,Bangalore,5,Mid,65.27
17,Bachelors,Data Scientist,Mumbai,1,Mid,59.72
20,Masters,ML Engineer,Bangalore,2,Mid,73.79
12,Bachelors,ML Engineer,Hyderabad,1,Mid,46.64
20,PhD,Data Analyst,Bangalore,4,Startup,76.56
7,Bachelors,ML Engineer,Bangalore,3,Enterprise,36.55
13,Masters,Data Scientist,Mumbai,1,Mid,47.81
7,Masters,ML Engineer,Delhi,5,Mid,42.77
13,Bachelors,BI Analyst,Delhi,4,Startup,53.37
6,Masters,ML Engineer,Pune,3,Startup,43.19
11,Masters,Data Analyst,Pune,4,Startup,50.85
10,Masters,Data Scientist,Delhi,2,Mid,46.98
10,PhD,Data Analyst,Hyderabad,3,Enterprise,42.22
12,Masters,BI Analyst,Mumbai,5,Startup,62.1
17,Bachelors,ML Engineer,Mumbai,3,Startup,62.83
1,Masters,Data Analyst,Hyderabad,5,Startup,35.25
20,Bachelors,Data Analyst,Hyderabad,2,Enterprise,63.06
14,Bachelors,Data Analyst,Delhi,5,Mid,63.64
19,Bachelors,Data Analyst,Pune,4,Mid,69.53
17,Masters,BI Analyst,Hyderabad,1,Mid,53.38
14,Masters,BI Analyst,Pune,4,Startup,61.7
18,Bachelors,ML Engineer,Bangalore,4,Mid,70.37
11,Masters,ML Engineer,Mumbai,3,Startup,53.71
12,PhD,Data Scientist,Delhi,2,Enterprise,49.79
10,Bachelors,BI Analyst,Mumbai,1,Enterprise,29.44
4,Bachelors,Data Analyst,Delhi,5,Mid,36.68
0,Masters,Data Analyst,Bangalore,3,Startup,20.09
2,Bachelors,Data Scientist,Mumbai,2,Startup,23.57
18,Masters,Data Analyst,Bangalore,1,Mid,53.12
6,Bachelors,Data Scientist,Delhi,4,Enterprise,36.12
11,Bachelors,ML Engineer,Hyderabad,2,Enterprise,48.13
14,Masters,BI Analyst,Mumbai,2,Enterprise,48.79
4,Masters,Data Scientist,Bangalore,2,Enterprise,25.23
14,Masters,Data Analyst,Mumbai,4,Enterprise,61.77
7,PhD,Data Scientist,Mumbai,5,Mid,54.08
9,Masters,ML Engineer,Mumbai,3,Mid,52.65
15,Masters,Data Analyst,Pune,5,Mid,63.48
7,Bachelors,ML Engineer,Bangalore,1,Enterprise,28.86
0,Masters,ML Engineer,Bangalore,3,Enterprise,22.24
11,Bachelors,Data Scientist,Mumbai,1,Mid,35.2
4,Masters,ML Engineer,Hyderabad,4,Mid,38.44
2,Bachelors,Data Analyst,Mumbai,5,Enterprise,32.35
0,Masters,ML Engineer,Pune,2,Startup,18.21
3,Bachelors,ML Engineer,Delhi,3,Mid,27.71
7,Masters,Data Scientist,Pune,2,Enterprise,39.89
2,PhD,ML Engineer,Hyderabad,1,Enterprise,15.51
9,Bachelors,BI Analyst,Mumbai,2,Mid,35.04
1,PhD,Data Scientist,Bangalore,2,Startup,19.53
10,Bachelors,Data Scientist,Mumbai,4,Enterprise,45.58
9,Masters,Data Analyst,Hyderabad,4,Mid,49.87
20,PhD,Data Analyst,Bangalore,5,Enterprise,79.71
13,Bachelors,Data Analyst,Pune,1,Enterprise,46.67
6,PhD,Data Analyst,Delhi,4,Enterprise,43.28
1,Bachelors,BI Analyst,Delhi,4,Enterprise,20.91
8,Bachelors,Data Scientist,Mumbai,5,Startup,49.37
15,PhD,ML Engineer,Pune,3,Mid,67.89
12,Bachelors,Data Analyst,Hyderabad,5,Mid,55.87
8,PhD,Data Analyst,Delhi,2,Mid,36.55
19,PhD,Data Analyst,Pune,2,Mid,58.53
3,Bachelors,ML Engineer,Mumbai,4,Mid,33.23
9,Masters,Data Analyst,Bangalore,4,Startup,50.6
11,Bachelors,ML Engineer,Mumbai,5,Enterprise,55.51
16,Bachelors,Data Scientist,Mumbai,5,Enterprise,65.66
13,Bachelors,Data Scientist,Pune,1,Mid,44.68
13,Bachelors,Data Scientist,Delhi,2,Enterprise,48.06
1,Bachelors,BI Analyst,Pune,5,Enterprise,23.97
20,Bachelors,ML Engineer,Bangalore,3,Enterprise,70.17
19,PhD,Data Analyst,Pune,1,Mid,63.32
10,Masters,Data Analyst,Hyderabad,5,Mid,52.58
15,Masters,Data Analyst,Mumbai,4,Startup,64.29
18,Masters,Data Analyst,Delhi,5,Mid,76.16
5,Masters,BI Analyst,Bangalore,4,Startup,33.22
18,Bachelors,Data Analyst,Mumbai,4,Mid,63.31
4,Masters,BI Analyst,Pune,2,Enterprise,26.57
3,PhD,ML Engineer,Hyderabad,2,Startup,26.59
14,Bachelors,Data Scientist,Pune,5,Startup,61.43
3,Masters,Data Analyst,Mumbai,5,Startup,37.34
19,Masters,Data Scientist,Bangalore,3,Mid,66.23
9,PhD,ML Engineer,Delhi,1,Startup,42.86
2,Masters,ML Engineer,Mumbai,1,Mid,19.5
4,Bachelors,Data Analyst,Bangalore,5,Startup,33.27
5,Bachelors,ML Engineer,Mumbai,2,Mid,32.23
20,Bachelors,Data Scientist,Hyderabad,3,Startup,71.6
7,Masters,Data Analyst,Pune,1,Enterprise,25.17
6,Bachelors,BI Analyst,Delhi,5,Enterprise,36.27
20,PhD,Data Analyst,Bangalore,2,Startup,65.89
9,Bachelors,Data Scientist,Delhi,2,Mid,38
5,Bachelors,Data Analyst,Delhi,2,Mid,21.84
13,Bachelors,Data Analyst,Delhi,4,Mid,57.18
3,Masters,Data Scientist,Bangalore,2,Enterprise,24.76
12,Bachelors,Data Analyst,Bangalore,5,Enterprise,52.11
19,Bachelors,Data Analyst,Delhi,3,Enterprise,67.9
16,Bachelors,Data Scientist,Pune,5,Mid,70.7
6,Bachelors,ML Engineer,Mumbai,2,Mid,30.22
3,Bachelors,Data Scientist,Delhi,3,Mid,29.9
13,Masters,Data Analyst,Hyderabad,1,Startup,39.73
2,Masters,BI Analyst,Delhi,1,Startup,17.6
4,Bachelors,BI Analyst,Bangalore,5,Startup,40.43
15,Masters,Data Scientist,Mumbai,3,Enterprise,54.87
19,PhD,BI Analyst,Hyderabad,5,Enterprise,75.49
3,Masters,Data Analyst,Mumbai,3,Mid,25.15
1,Masters,Data Analyst,Mumbai,3,Startup,22.7
17,PhD,Data Scientist,Hyderabad,5,Mid,76.72
18,PhD,Data Analyst,Delhi,3,Startup,65.43
18,Masters,ML Engineer,Delhi,2,Startup,59.15
16,Bachelors,Data Analyst,Delhi,3,Mid,51.21
13,Masters,Data Scientist,Pune,3,Mid,51.05
18,Masters,ML Engineer,Delhi,5,Startup,79.38
12,Bachelors,ML Engineer,Hyderabad,1,Startup,38.11
11,Bachelors,BI Analyst,Pune,4,Enterprise,44.66
5,Masters,Data Analyst,Delhi,3,Mid,28.1
20,Masters,Data Scientist,Pune,4,Mid,76.02
3,Bachelors,BI Analyst,Hyderabad,3,Mid,27.1
18,Masters,BI Analyst,Delhi,5,Mid,72.16
15,Bachelors,Data Analyst,Bangalore,5,Startup,67.48
12,Bachelors,Data Analyst,Hyderabad,3,Enterprise,45.76
3,Masters,Data Scientist,Mumbai,5,Mid,38.42
16,Bachelors,BI Analyst,Mumbai,5,Startup,61.55
0,Bachelors,Data Scientist,Hyderabad,3,Startup,20.11
17,PhD,BI Analyst,Mumbai,1,Startup,51.82
19,Bachelors,BI Analyst,Hyderabad,3,Startup,59.16
16,Bachelors,BI Analyst,Bangalore,1,Startup,42.88
14,PhD,Data Analyst,Hyderabad,5,Mid,64.43
10,Masters,BI Analyst,Delhi,1,Mid,33
12,Masters,BI Analyst,Delhi,5,Enterprise,65.26
0,PhD,BI Analyst,Pune,1,Mid,14.13
16,Bachelors,ML Engineer,Mumbai,1,Startup,52.48
5,Masters,Data Analyst,Mumbai,3,Enterprise,29.84
3,Masters,ML Engineer,Hyderabad,1,Startup,32.9
19,Masters,Data Analyst,Mumbai,5,Startup,71.33
15,Masters,Data Scientist,Delhi,3,Mid,57.08
14,Masters,ML Engineer,Bangalore,1,Startup,53.1
14,Bachelors,Data Scientist,Hyderabad,3,Mid,53.71
5,Bachelors,BI Analyst,Mumbai,4,Startup,29.18
14,Masters,Data Scientist,Delhi,3,Enterprise,56.18
13,Masters,Data Scientist,Pune,4,Startup,60.24
10,Masters,Data Scientist,Mumbai,4,Mid,52.54
6,Bachelors,Data Scientist,Bangalore,3,Startup,35.88
8,Masters,Data Analyst,Bangalore,5,Mid,54.26
15,Masters,ML Engineer,Mumbai,5,Mid,71.31
4,Masters,Data Analyst,Mumbai,5,Enterprise,40.49
19,Masters,Data Analyst,Delhi,2,Mid,53.33
9,PhD,Data Analyst,Mumbai,4,Enterprise,54.2
17,Masters,Data Scientist,Pune,3,Enterprise,63.49
2,Masters,Data Analyst,Delhi,5,Startup,30.7
12,Masters,ML Engineer,Hyderabad,5,Enterprise,62.71
10,PhD,Data Analyst,Pune,3,Mid,48.49
16,Masters,BI Analyst,Delhi,4,Mid,65.5
12,Masters,Data Scientist,Delhi,3,Enterprise,51.01
5,Masters,BI Analyst,Bangalore,2,Startup,28.8
16,Masters,ML Engineer,Delhi,2,Enterprise,58.61
12,Bachelors,ML Engineer,Pune,3,Enterprise,52.77
18,Bachelors,ML Engineer,Mumbai,4,Mid,70.82
20,PhD,ML Engineer,Pune,5,Startup,86.4
18,Masters,Data Analyst,Hyderabad,2,Startup,57.27
9,Masters,Data Scientist,Delhi,2,Startup,40.81
2,PhD,ML Engineer,Delhi,4,Startup,35.32
13,Masters,BI Analyst,Delhi,2,Mid,46.78
18,Masters,ML Engineer,Delhi,2,Startup,62.3
4,Masters,Data Scientist,Bangalore,4,Startup,33.62
4,Masters,BI Analyst,Bangalore,3,Startup,26.98
19,Bachelors,BI Analyst,Mumbai,5,Mid,70.48
16,Bachelors,BI Analyst,Delhi,5,Mid,62.31
20,Bachelors,Data Analyst,Hyderabad,2,Startup,61.19
9,Bachelors,ML Engineer,Mumbai,5,Mid,53.34
4,Masters,Data Analyst,Delhi,3,Enterprise,32.14
3,Bachelors,BI Analyst,Bangalore,2,Startup,18.95
5,Bachelors,Data Analyst,Hyderabad,5,Mid,38.04
3,Bachelors,Data Analyst,Mumbai,1,Startup,20.3
6,Bachelors,Data Analyst,Hyderabad,1,Startup,20.58
6,Masters,ML Engineer,Delhi,1,Mid,30.04
17,PhD,BI Analyst,Pune,1,Enterprise,57.91
2,Masters,BI Analyst,Hyderabad,1,Startup,12.43
0,Bachelors,ML Engineer,Hyderabad,2,Enterprise,21.95
3,Bachelors,Data Analyst,Bangalore,4,Mid,27.49
5,Bachelors,Data Analyst,Delhi,4,Startup,30.5
8,Masters,Data Scientist,Hyderabad,2,Mid,39.92
13,Bachelors,Data Scientist,Delhi,2,Mid,45.45
11,Masters,Data Scientist,Bangalore,3,Mid,54.37
19,Bachelors,ML Engineer,Delhi,4,Mid,72.84
3,Masters,BI Analyst,Bangalore,1,Startup,17.92
20,Bachelors,Data Scientist,Bangalore,2,Enterprise,61.24
11,Bachelors,BI Analyst,Mumbai,1,Enterprise,33.46
9,Masters,BI Analyst,Delhi,4,Startup,44.78
6,Bachelors,BI Analyst,Pune,5,Startup,43.89
2,Bachelors,ML Engineer,Mumbai,5,Enterprise,37.17
13,Masters,ML Engineer,Bangalore,2,Enterprise,54.32
9,Masters,ML Engineer,Pune,3,Startup,47.4
15,Masters,ML Engineer,Hyderabad,1,Mid,51.27
15,Bachelors,Data Scientist,Hyderabad,2,Startup,52.11
9,Bachelors,Data Analyst,Mumbai,3,Enterprise,42.87
12,Bachelors,Data Analyst,Pune,1,Mid,33.15
5,Bachelors,Data Analyst,Delhi,4,Enterprise,34.26
11,PhD,Data Scientist,Pune,5,Mid,65.39
8,Masters,Data Analyst,Mumbai,3,Enterprise,36.26
12,Bachelors,Data Scientist,Delhi,1,Mid,42.07
3,Masters,Data Scientist,Delhi,2,Startup,27.97
10,Bachelors,Data Scientist,Hyderabad,1,Startup,30.62
19,PhD,Data Analyst,Pune,2,Mid,66.93
17,Bachelors,BI Analyst,Delhi,5,Mid,64.52
10,Bachelors,Data Analyst,Mumbai,5,Startup,50.58
20,Masters,Data Analyst,Hyderabad,1,Startup,61.57
3,Masters,ML Engineer,Delhi,1,Mid,27.3
17,Masters,Data Scientist,Pune,2,Mid,54.19
0,Bachelors,BI Analyst,Hyderabad,2,Startup,17.37
6,Bachelors,ML Engineer,Pune,3,Enterprise,41.15
5,Bachelors,BI Analyst,Pune,3,Startup,31.66
14,Bachelors,BI Analyst,Pune,3,Mid,51.18
17,PhD,Data Scientist,Hyderabad,1,Mid,55.99
10,Bachelors,Data Analyst,Delhi,3,Enterprise,37.25
19,Bachelors,Data Scientist,Bangalore,1,Startup,51.23
14,Masters,Data Scientist,Delhi,5,Mid,67.03
15,Bachelors,ML Engineer,Hyderabad,4,Startup,66.15
6,Masters,Data Scientist,Bangalore,5,Mid,45.65
20,Masters,Data Analyst,Bangalore,1,Enterprise,57.12
9,Bachelors,BI Analyst,Bangalore,1,Startup,29.31
11,PhD,Data Scientist,Mumbai,4,Startup,54.48
13,Masters,BI Analyst,Hyderabad,2,Enterprise,46.26
4,Bachelors,Data Scientist,Mumbai,2,Mid,22.51
20,Bachelors,BI Analyst,Bangalore,2,Mid,61.84
17,Bachelors,Data Scientist,Mumbai,3,Startup,64.03
4,Masters,ML Engineer,Mumbai,2,Enterprise,32.13
2,Masters,BI Analyst,Hyderabad,3,Startup,24.06
4,Masters,Data Scientist,Pune,3,Startup,35.07
16,PhD,Data Scientist,Mumbai,2,Mid,59.46
18,Masters,ML Engineer,Mumbai,2,Mid,67.07
18,Masters,ML Engineer,Bangalore,4,Mid,71.29
20,Bachelors,ML Engineer,Bangalore,4,Mid,73.48
11,Masters,BI Analyst,Bangalore,3,Mid,42.93
8,Bachelors,BI Analyst,Delhi,4,Enterprise,38.8
0,Masters,ML Engineer,Mumbai,3,Startup,28.44
17,Bachelors,Data Analyst,Bangalore,1,Enterprise,45.68
20,Bachelors,Data Analyst,Hyderabad,3,Startup,57.59
3,Bachelors,Data Scientist,Delhi,3,Mid,25.46
9,Bachelors,Data Analyst,Pune,4,Enterprise,39.08
6,Masters,Data Scientist,Mumbai,1,Startup,26.39
0,Bachelors,BI Analyst,Mumbai,5,Mid,31.82
16,Masters,BI Analyst,Hyderabad,5,Mid,64.23
1,Bachelors,Data Analyst,Pune,5,Enterprise,29.8
10,Masters,BI Analyst,Pune,1,Enterprise,34.26
8,Bachelors,ML Engineer,Delhi,2,Enterprise,38.32
6,Bachelors,ML Engineer,Mumbai,1,Mid,26.37
16,Masters,Data Analyst,Bangalore,4,Startup,65.88
16,Bachelors,Data Analyst,Hyderabad,3,Startup,56.18
1,Bachelors,Data Scientist,Hyderabad,3,Enterprise,23.26
5,Bachelors,BI Analyst,Hyderabad,4,Startup,33.3
13,Bachelors,Data Scientist,Hyderabad,4,Mid,58.97
5,Masters,Data Scientist,Bangalore,3,Startup,36.18
1,Bachelors,ML Engineer,Bangalore,2,Mid,21.51
0,Masters,ML Engineer,Delhi,2,Enterprise,22.96
9,Masters,ML Engineer,Mumbai,2,Startup,37.32
20,Bachelors,ML Engineer,Bangalore,4,Mid,75.56
4,PhD,Data Scientist,Delhi,3,Enterprise,34.91
1,Masters,ML Engineer,Pune,3,Enterprise,31.41
15,Masters,BI Analyst,Mumbai,3,Enterprise,53.4
1,Masters,ML Engineer,Bangalore,1,Enterprise,19.5
9,Masters,ML Engineer,Pune,1,Startup,43.87
1,Masters,ML Engineer,Delhi,5,Mid,36.82
15,Bachelors,Data Analyst,Bangalore,1,Startup,39.51
15,Bachelors,BI Analyst,Bangalore,2,Mid,54.52
18,Bachelors,BI Analyst,Pune,2,Enterprise,53.05
6,Bachelors,Data Scientist,Bangalore,2,Startup,26.28
11,Bachelors,Data Scientist,Hyderabad,2,Enterprise,38.4
14,Bachelors,ML Engineer,Bangalore,5,Mid,67.28
7,Bachelors,Data Analyst,Mumbai,2,Enterprise,32.69
5,Masters,Data Scientist,Pune,4,Startup,44.28
9,PhD,Data Scientist,Mumbai,4,Startup,51.65
2,PhD,ML Engineer,Delhi,4,Mid,34.84
18,Bachelors,ML Engineer,Mumbai,1,Mid,54.99
16,Masters,Data Scientist,Hyderabad,3,Startup,61
6,PhD,Data Scientist,Hyderabad,5,Startup,48.84
20,Bachelors,BI Analyst,Mumbai,4,Startup,72.92
19,Bachelors,Data Analyst,Delhi,4,Startup,62.65
3,PhD,BI Analyst,Bangalore,2,Mid,21.85
13,Masters,Data Scientist,Hyderabad,4,Startup,57.27
19,Bachelors,BI Analyst,Mumbai,2,Mid,58.71
14,Bachelors,BI Analyst,Mumbai,2,Startup,44.27
7,Bachelors,Data Scientist,Mumbai,3,Startup,34.73
20,Masters,ML Engineer,Bangalore,1,Enterprise,68.02
14,Masters,Data Scientist,Pune,2,Enterprise,53.02
19,Bachelors,ML Engineer,Delhi,2,Startup,60.65
13,Bachelors,Data Scientist,Pune,3,Mid,49.17
8,Masters,Data Scientist,Delhi,2,Startup,38.75
7,Masters,Data Scientist,Delhi,5,Enterprise,44.52
16,Bachelors,Data Analyst,Mumbai,1,Startup,47.43
1,PhD,ML Engineer,Hyderabad,5,Enterprise,38.87
2,Bachelors,Data Analyst,Mumbai,4,Startup,26.89
7,Bachelors,Data Scientist,Bangalore,1,Startup,27.66
11,Masters,BI Analyst,Delhi,4,Mid,47.05
0,Bachelors,Data Analyst,Hyderabad,2,Enterprise,10.09
9,Masters,ML Engineer,Delhi,3,Enterprise,51.44
19,Masters,Data Scientist,Delhi,5,Enterprise,84.21
2,Masters,Data Analyst,Mumbai,4,Mid,23.56
5,Bachelors,BI Analyst,Hyderabad,2,Startup,27.13
6,Bachelors,Data Analyst,Hyderabad,5,Mid,40.79
19,Bachelors,ML Engineer,Delhi,5,Startup,83.35
17,Masters,Data Analyst,Hyderabad,4,Mid,63.12
10,Masters,BI Analyst,Hyderabad,2,Mid,41.69
18,Masters,BI Analyst,Mumbai,3,Enterprise,61.79
4,Masters,ML Engineer,Pune,4,Mid,43.44
18,PhD,BI Analyst,Bangalore,5,Startup,81.63
10,Masters,Data Scientist,Pune,5,Mid,56.14
11,Bachelors,BI Analyst,Hyderabad,1,Mid,30.48
9,Bachelors,Data Scientist,Delhi,2,Startup,40.84
7,Masters,Data Analyst,Bangalore,1,Enterprise,29
8,Bachelors,Data Scientist,Bangalore,3,Startup,39.83
3,Bachelors,Data Scientist,Delhi,4,Startup,35.95
4,Masters,Data Analyst,Bangalore,5,Startup,34.69
20,Masters,BI Analyst,Delhi,2,Mid,60.85
7,Bachelors,Data Scientist,Bangalore,5,Mid,47.08
8,Masters,BI Analyst,Pune,1,Startup,27.48
14,Masters,Data Analyst,Bangalore,1,Startup,43.15
14,Bachelors,ML Engineer,Mumbai,4,Enterprise,64.42
15,Bachelors,BI Analyst,Delhi,2,Mid,49.3
13,Bachelors,BI Analyst,Bangalore,2,Mid,39.66
7,Masters,ML Engineer,Delhi,4,Mid,48.02
17,Masters,ML Engineer,Mumbai,1,Mid,61.02
9,PhD,Data Analyst,Bangalore,1,Startup,35.61
19,Masters,BI Analyst,Bangalore,1,Startup,58.72
5,Bachelors,BI Analyst,Mumbai,5,Enterprise,35.95
11,Bachelors,Data Analyst,Mumbai,3,Mid,43.68
1,Masters,BI Analyst,Mumbai,1,Mid,8.17
6,Bachelors,Data Scientist,Delhi,3,Startup,35.79
15,Bachelors,Data Scientist,Mumbai,3,Enterprise,56.58
2,Bachelors,Data Scientist,Delhi,2,Startup,15.93
12,Bachelors,BI Analyst,Pune,4,Mid,54.36
2,Bachelors,Data Scientist,Bangalore,5,Mid,35.01
17,Bachelors,Data Scientist,Bangalore,3,Enterprise,58.22
10,Bachelors,Data Analyst,Hyderabad,5,Startup,51.47
7,Bachelors,Data Analyst,Pune,2,Mid,25.85
5,Masters,ML Engineer,Mumbai,1,Mid,25.96
0,Masters,ML Engineer,Mumbai,3,Enterprise,22.56
0,Bachelors,ML Engineer,Pune,4,Mid,23.98
7,Masters,ML Engineer,Mumbai,2,Mid,39.11
4,Bachelors,Data Analyst,Hyderabad,5,Startup,35.38
15,Masters,Data Analyst,Delhi,1,Enterprise,48.74
10,PhD,Data Analyst,Bangalore,5,Enterprise,47.04
4,Masters,Data Scientist,Pune,4,Enterprise,35.43
3,Masters,Data Scientist,Bangalore,3,Startup,28.57
5,Bachelors,ML Engineer,Delhi,4,Enterprise,39.16
13,Bachelors,Data Scientist,Pune,5,Mid,59.78
18,PhD,BI Analyst,Delhi,5,Enterprise,75.38
8,Bachelors,Data Analyst,Mumbai,4,Mid,40.47
11,Bachelors,ML Engineer,Mumbai,4,Enterprise,52.02
10,Masters,ML Engineer,Mumbai,4,Enterprise,52.8
13,Masters,BI Analyst,Delhi,1,Startup,41.54
15,PhD,Data Scientist,Delhi,5,Enterprise,72.01
0,Bachelors,ML Engineer,Delhi,2,Enterprise,18.26
12,PhD,Data Scientist,Bangalore,1,Startup,42.94
20,Bachelors,Data Scientist,Delhi,1,Mid,55.99
20,Bachelors,BI Analyst,Mumbai,1,Enterprise,57.03
12,Masters,ML Engineer,Hyderabad,2,Enterprise,52.07
1,Bachelors,Data Scientist,Delhi,4,Mid,29.61
3,Bachelors,Data Scientist,Hyderabad,5,Startup,34.23
5,Masters,BI Analyst,Mumbai,3,Enterprise,25.87
4,Bachelors,BI Analyst,Delhi,3,Startup,27.24
2,Bachelors,Data Scientist,Bangalore,5,Mid,31.15
0,Bachelors,BI Analyst,Bangalore,2,Mid,11.69
3,Bachelors,Data Scientist,Hyderabad,3,Startup,27.14
19,Bachelors,ML Engineer,Bangalore,1,Mid,60.76
1,Masters,Data Analyst,Bangalore,3,Mid,24.58
4,Masters,BI Analyst,Bangalore,5,Enterprise,41.61
2,Bachelors,Data Analyst,Mumbai,1,Startup,16.26
8,Masters,Data Scientist,Bangalore,3,Enterprise,42.01
19,Bachelors,Data Scientist,Pune,5,Startup,69.03
5,Bachelors,Data Scientist,Delhi,2,Enterprise,25.17
17,Masters,Data Analyst,Bangalore,5,Mid,73.52
5,Bachelors,Data Scientist,Bangalore,2,Startup,27.45
18,PhD,BI Analyst,Bangalore,1,Startup,63.24
11,Bachelors,ML Engineer,Pune,5,Startup,56.76
10,Masters,ML Engineer,Bangalore,4,Startup,60.94
1,Bachelors,BI Analyst,Bangalore,4,Mid,23.4
14,Bachelors,ML Engineer,Delhi,4,Mid,59.34
11,Bachelors,Data Analyst,Pune,4,Mid,45.27
11,Masters,Data Scientist,Pune,4,Enterprise,55.38
8,Masters,Data Scientist,Bangalore,2,Mid,32.96
20,PhD,Data Scientist,Pune,5,Enterprise,80.85
1,Bachelors,Data Analyst,Hyderabad,1,Enterprise,9.74
2,Bachelors,Data Analyst,Pune,4,Mid,19.03
11,Bachelors,Data Analyst,Pune,4,Mid,47.11
15,Masters,BI Analyst,Pune,1,Mid,51.66
20,PhD,Data Analyst,Mumbai,1,Enterprise,62.8
0,Bachelors,ML Engineer,Mumbai,4,Startup,25.03
20,Masters,BI Analyst,Mumbai,2,Mid,61.57
2,Bachelors,BI Analyst,Pune,1,Enterprise,13.31
19,Masters,BI Analyst,Hyderabad,5,Enterprise,72.57
1,PhD,Data Analyst,Pune,5,Mid,35.31
8,Bachelors,BI Analyst,Bangalore,2,Enterprise,29.58
18,Bachelors,Data Analyst,Hyderabad,3,Mid,56.63
14,PhD,Data Analyst,Mumbai,2,Enterprise,55.14
17,PhD,BI Analyst,Delhi,4,Startup,69.93
10,Masters,Data Scientist,Hyderabad,3,Enterprise,40.83
15,Masters,Data Scientist,Mumbai,4,Mid,61.99
16,Bachelors,BI Analyst,Hyderabad,5,Startup,67.03
4,Masters,Data Scientist,Hyderabad,1,Mid,22.6
11,Masters,ML Engineer,Pune,4,Enterprise,54.66
10,Masters,ML Engineer,Bangalore,5,Startup,57.74
14,Bachelors,Data Analyst,Delhi,2,Startup,45.93
2,Bachelors,Data Scientist,Mumbai,4,Enterprise,28.26
0,Bachelors,ML Engineer,Hyderabad,5,Startup,31.25
19,Bachelors,BI Analyst,Delhi,1,Startup,52.65
15,Bachelors,Data Scientist,Hyderabad,4,Startup,57.08
1,Bachelors,ML Engineer,Bangalore,5,Mid,30.82
1,Bachelors,ML Engineer,Delhi,4,Mid,26.13
2,Bachelors,BI Analyst,Mumbai,1,Startup,12.57
7,Masters,Data Analyst,Hyderabad,4,Enterprise,42.55
14,Bachelors,BI Analyst,Bangalore,4,Enterprise,51.78
6,Bachelors,Data Analyst,Delhi,5,Mid,35.4
5,Bachelors,ML Engineer,Hyderabad,3,Enterprise,31.89
8,Bachelors,Data Analyst,Hyderabad,4,Startup,44.41
19,Masters,ML Engineer,Mumbai,3,Enterprise,70.16
0,Bachelors,ML Engineer,Bangalore,2,Mid,17.36
7,Masters,Data Scientist,Pune,4,Mid,41.41
2,PhD,Data Analyst,Hyderabad,3,Startup,29.02
3,Masters,Data Analyst,Delhi,2,Mid,21.83
14,Masters,Data Analyst,Mumbai,5,Mid,59.92
5,PhD,BI Analyst,Mumbai,4,Mid,35.91
14,Masters,Data Scientist,Hyderabad,5,Enterprise,66.23
20,Bachelors,Data Scientist,Hyderabad,2,Mid,63.79
2,Bachelors,Data Scientist,Hyderabad,5,Enterprise,29.59
20,PhD,BI Analyst,Pune,5,Mid,83.18
20,Bachelors,Data Analyst,Hyderabad,1,Mid,53.57
13,Bachelors,Data Analyst,Bangalore,2,Enterprise,36.53
19,Masters,Data Analyst,Delhi,5,Enterprise,78.69
13,Masters,Data Scientist,Hyderabad,3,Startup,53.39
3,Bachelors,Data Scientist,Pune,2,Startup,23.5
11,Masters,ML Engineer,Delhi,1,Enterprise,47.92
16,Bachelors,BI Analyst,Mumbai,4,Mid,56.39
6,Masters,BI Analyst,Hyderabad,5,Startup,44.34
8,Bachelors,Data Scientist,Delhi,3,Enterprise,42.23
2,Bachelors,ML Engineer,Mumbai,1,Enterprise,15.5
12,Masters,Data Analyst,Pune,2,Mid,48.18
14,Bachelors,Data Scientist,Bangalore,5,Enterprise,57.87
17,Masters,BI Analyst,Hyderabad,1,Startup,51.01
18,Bachelors,BI Analyst,Bangalore,1,Mid,47.47
0,Bachelors,BI Analyst,Pune,3,Enterprise,18.59
5,Masters,Data Analyst,Delhi,4,Enterprise,33.1
1,Bachelors,BI Analyst,Delhi,4,Mid,21.55
13,Bachelors,Data Analyst,Pune,4,Mid,49.56
5,Bachelors,Data Analyst,Pune,2,Mid,20.39
13,Masters,Data Analyst,Hyderabad,1,Startup,39.4
3,PhD,Data Scientist,Mumbai,2,Startup,28.06
20,PhD,Data Analyst,Bangalore,1,Enterprise,61.2
7,Bachelors,ML Engineer,Bangalore,3,Enterprise,38.65
2,Bachelors,BI Analyst,Delhi,3,Mid,19.3
18,Bachelors,Data Scientist,Delhi,2,Enterprise,57.13
13,Masters,BI Analyst,Hyderabad,2,Enterprise,41.44
19,Bachelors,Data Analyst,Pune,3,Mid,60
16,PhD,Data Scientist,Bangalore,5,Startup,72.23
7,Bachelors,ML Engineer,Hyderabad,4,Startup,44.68
13,PhD,Data Analyst,Delhi,4,Startup,58.72
5,Masters,BI Analyst,Delhi,3,Enterprise,27.82
15,Masters,ML Engineer,Bangalore,4,Mid,67.28
18,Bachelors,Data Analyst,Delhi,5,Startup,69.07
13,Bachelors,ML Engineer,Delhi,5,Enterprise,67.02
18,Bachelors,Data Analyst,Mumbai,1,Mid,46.22
2,Bachelors,Data Scientist,Pune,2,Startup,19.39
9,Bachelors,Data Analyst,Delhi,4,Startup,45.69
18,Masters,Data Scientist,Mumbai,5,Mid,73.81
8,Bachelors,Data Analyst,Hyderabad,2,Enterprise,28.46
19,Masters,Data Analyst,Delhi,2,Enterprise,58.15
12,Masters,BI Analyst,Hyderabad,1,Startup,41.65
6,Bachelors,ML Engineer,Delhi,2,Mid,27.76
13,PhD,ML Engineer,Bangalore,2,Enterprise,54.2
8,Bachelors,ML Engineer,Mumbai,3,Mid,39.07
18,Bachelors,Data Analyst,Mumbai,1,Mid,48.3
14,Bachelors,Data Analyst,Bangalore,1,Startup,42.42
19,Masters,Data Analyst,Pune,4,Mid,68.41
13,Bachelors,Data Scientist,Mumbai,2,Mid,46.9
5,Bachelors,Data Scientist,Hyderabad,4,Mid,32.27
20,Masters,BI Analyst,Mumbai,5,Enterprise,78.99
3,Bachelors,Data Analyst,Pune,2,Startup,19.84
7,Masters,ML Engineer,Hyderabad,5,Startup,55.01
16,PhD,ML Engineer,Hyderabad,3,Mid,65.68
8,PhD,BI Analyst,Bangalore,2,Mid,38.55
0,Bachelors,ML Engineer,Delhi,4,Enterprise,29.35
19,Bachelors,BI Analyst,Bangalore,4,Startup,67.89
13,Bachelors,Data Analyst,Delhi,2,Enterprise,48.29
10,Bachelors,ML Engineer,Bangalore,4,Startup,46.01
20,Bachelors,Data Analyst,Delhi,2,Enterprise,60.52
2,Bachelors,Data Scientist,Mumbai,1,Mid,14.08
8,PhD,ML Engineer,Hyderabad,4,Enterprise,50.77
13,PhD,Data Scientist,Delhi,2,Mid,56.68
8,Bachelors,ML Engineer,Mumbai,2,Startup,35.34
3,Bachelors,Data Analyst,Pune,4,Startup,30.76
3,Bachelors,BI Analyst,Bangalore,1,Mid,11.54
7,Bachelors,Data Analyst,Pune,4,Startup,40.86
1,Masters,Data Analyst,Mumbai,2,Enterprise,17.33
8,Masters,Data Analyst,Pune,1,Mid,28.85
13,PhD,ML Engineer,Pune,5,Startup,64.09
8,Masters,BI Analyst,Mumbai,3,Enterprise,37.86
15,Masters,Data Scientist,Hyderabad,4,Enterprise,60.94
16,Masters,Data Analyst,Delhi,2,Startup,58.64
15,Bachelors,ML Engineer,Bangalore,1,Startup,49.65
11,Masters,Data Scientist,Delhi,1,Enterprise,38.11
2,Bachelors,Data Analyst,Bangalore,5,Mid,28.38
10,Bachelors,Data Scientist,Delhi,4,Startup,43.92
13,Bachelors,Data Analyst,Pune,1,Startup,43.27
17,Bachelors,Data Scientist,Hyderabad,5,Mid,73.07
20,PhD,Data Scientist,Pune,2,Mid,68.8
20,Bachelors,BI Analyst,Hyderabad,5,Startup,80.04
4,Bachelors,BI Analyst,Mumbai,4,Mid,30.56
15,Bachelors,Data Analyst,Bangalore,5,Enterprise,64.79
19,Masters,ML Engineer,Bangalore,1,Enterprise,63.8
4,Bachelors,BI Analyst,Mumbai,1,Enterprise,15.38
2,PhD,Data Scientist,Delhi,3,Startup,30.85
11,PhD,BI Analyst,Mumbai,5,Mid,59.02
0,Masters,BI Analyst,Mumbai,2,Enterprise,11.09
20,Masters,Data Analyst,Hyderabad,4,Mid,72.86
8,Bachelors,BI Analyst,Mumbai,3,Enterprise,39.12
8,Bachelors,BI Analyst,Bangalore,5,Mid,42.63
3,Masters,Data Scientist,Pune,2,Enterprise,24.57
2,Bachelors,BI Analyst,Hyderabad,3,Enterprise,17.97
16,Bachelors,Data Scientist,Hyderabad,1,Enterprise,47.45
1,Masters,BI Analyst,Delhi,4,Enterprise,25.18
0,Bachelors,BI Analyst,Pune,5,Enterprise,30.23
7,PhD,ML Engineer,Hyderabad,2,Enterprise,39.85
12,Bachelors,BI Analyst,Mumbai,1,Enterprise,34.71
14,Masters,Data Scientist,Hyderabad,3,Enterprise,55.82
7,Masters,Data Scientist,Hyderabad,4,Enterprise,38.68
11,Masters,Data Analyst,Hyderabad,3,Mid,38.82
11,Bachelors,Data Analyst,Delhi,3,Mid,38.75
13,Masters,ML Engineer,Hyderabad,2,Startup,53.17
14,PhD,Data Scientist,Hyderabad,1,Enterprise,50.09
14,Bachelors,Data Scientist,Delhi,5,Mid,64.71
8,Bachelors,Data Scientist,Pune,2,Mid,29.64
18,Masters,ML Engineer,Bangalore,4,Mid,72.59
19,Masters,Data Scientist,Delhi,3,Mid,63.32
7,Bachelors,Data Analyst,Delhi,4,Mid,38.6
20,PhD,ML Engineer,Hyderabad,2,Mid,67.87
18,Bachelors,Data Analyst,Hyderabad,2,Startup,54.47
5,Bachelors,Data Analyst,Bangalore,5,Mid,38.12
19,Masters,ML Engineer,Hyderabad,3,Startup,69.93
18,Masters,BI Analyst,Mumbai,2,Startup,51.41
3,PhD,BI Analyst,Hyderabad,4,Enterprise,39.19
6,PhD,Data Analyst,Hyderabad,5,Enterprise,44.41
3,Bachelors,BI Analyst,Mumbai,4,Enterprise,23.37
11,Bachelors,Data Scientist,Bangalore,3,Mid,48.18
12,Bachelors,ML Engineer,Mumbai,5,Enterprise,62.7
2,Masters,Data Analyst,Delhi,5,Mid,32.39
11,PhD,Data Scientist,Mumbai,5,Mid,65.51
1,Bachelors,BI Analyst,Pune,1,Enterprise,7.68
1,Bachelors,Data Scientist,Delhi,5,Enterprise,31.43
8,Bachelors,BI Analyst,Hyderabad,4,Startup,41.73
0,Masters,Data Analyst,Delhi,4,Startup,28.54
7,Bachelors,Data Scientist,Bangalore,3,Mid,30.47
5,Bachelors,ML Engineer,Bangalore,2,Mid,36.88
5,Masters,Data Analyst,Mumbai,2,Enterprise,30.52
17,Masters,Data Scientist,Delhi,1,Enterprise,55.65
16,Masters,Data Scientist,Hyderabad,5,Startup,67.5
11,Masters,BI Analyst,Bangalore,1,Enterprise,34.25
5,Bachelors,Data Analyst,Hyderabad,3,Mid,29.36
7,Masters,Data Analyst,Pune,3,Enterprise,37.78
18,Masters,Data Analyst,Bangalore,2,Startup,59.29
9,PhD,Data Analyst,Mumbai,3,Mid,44.58
0,Bachelors,BI Analyst,Pune,5,Startup,26.8
12,Bachelors,ML Engineer,Delhi,4,Startup,49.24
16,Bachelors,Data Analyst,Hyderabad,3,Mid,54.1
2,Bachelors,BI Analyst,Bangalore,1,Startup,8.15
7,Masters,ML Engineer,Pune,5,Enterprise,51.18
13,Bachelors,ML Engineer,Pune,3,Enterprise,57.62
2,Bachelors,BI Analyst,Bangalore,3,Startup,18.57
15,Bachelors,Data Analyst,Delhi,5,Enterprise,59.37
12,Bachelors,ML Engineer,Delhi,3,Startup,48.75
19,Bachelors,Data Analyst,Mumbai,4,Enterprise,64.45
16,Bachelors,Data Analyst,Delhi,2,Startup,52.06
12,Bachelors,Data Scientist,Mumbai,5,Enterprise,59.66
5,Masters,Data Analyst,Pune,1,Mid,26.91
16,Masters,Data Scientist,Bangalore,3,Mid,57.88
13,Bachelors,ML Engineer,Delhi,2,Enterprise,51.25
16,PhD,BI Analyst,Mumbai,1,Startup,54.45
7,Masters,Data Scientist,Pune,1,Enterprise,35.26
10,Masters,BI Analyst,Delhi,4,Startup,45.21
19,Bachelors,ML Engineer,Hyderabad,2,Enterprise,57.59
0,Bachelors,Data Analyst,Pune,5,Enterprise,24.67
6,Bachelors,ML Engineer,Delhi,2,Mid,40.83
20,Bachelors,BI Analyst,Pune,2,Startup,56.71
20,Bachelors,ML Engineer,Bangalore,1,Startup,62.96
16,PhD,Data Analyst,Bangalore,4,Startup,58.75
9,Bachelors,ML Engineer,Bangalore,4,Startup,54.04
10,Bachelors,Data Analyst,Hyderabad,2,Startup,30.37
8,Masters,Data Scientist,Bangalore,2,Mid,30.03
8,Bachelors,BI Analyst,Hyderabad,3,Enterprise,36
4,Masters,Data Analyst,Bangalore,1,Startup,20.46
16,Masters,Data Analyst,Pune,5,Startup,71.16
8,Masters,ML Engineer,Delhi,5,Enterprise,56.25
16,PhD,Data Scientist,Delhi,4,Mid,62.4
20,Bachelors,Data Analyst,Bangalore,1,Mid,55.04
18,Masters,Data Scientist,Delhi,4,Mid,68.11
6,PhD,Data Scientist,Bangalore,5,Enterprise,44.89
8,Masters,ML Engineer,Bangalore,2,Enterprise,41.5
6,Bachelors,Data Analyst,Mumbai,1,Mid,25.03
12,PhD,ML Engineer,Mumbai,1,Mid,45.88
10,Bachelors,BI Analyst,Mumbai,3,Enterprise,39.5
